Title,Link,Published,Summary
"Sustainable Construction Materials Market Report 2025-2034: Bamboo Emerges as $214.3 Billion Star in Sustainable Construction as Builders Seek Fast-Growing, Low-Carbon Alternatives - Yahoo Finance",https://news.google.com/rss/articles/CBMimgFBVV95cUxOS25pd1dnNTdqRlVPUmw1RTM3U2wzcy1LWXpfRjJfWVNqUHNNRzFEZG85YWIyQnY5dVJQTzBDa2JsdHlVczFFMFdLOEFFaG05cF9oaE9VWFdWdV9aMDRCYV9KMjEwU1I5NlhoRnoyZy10RkVzOFJkRldhXzRfMjFxb2p3SjZBTEVCbE5UT3VPRi00RFVPdkFTWFpR?oc=5,"Thu, 01 May 2025 16:04:00 GMT","<a href=""https://news.google.com/rss/articles/CBMimgFBVV95cUxOS25pd1dnNTdqRlVPUmw1RTM3U2wzcy1LWXpfRjJfWVNqUHNNRzFEZG85YWIyQnY5dVJQTzBDa2JsdHlVczFFMFdLOEFFaG05cF9oaE9VWFdWdV9aMDRCYV9KMjEwU1I5NlhoRnoyZy10RkVzOFJkRldhXzRfMjFxb2p3SjZBTEVCbE5UT3VPRi00RFVPdkFTWFpR?oc=5"" target=""_blank"">Sustainable Construction Materials Market Report 2025-2034: Bamboo Emerges as $214.3 Billion Star in Sustainable Construction as Builders Seek Fast-Growing, Low-Carbon Alternatives</a>&nbsp;&nbsp;<font color=""#6f6f6f"">Yahoo Finance</font>"
Professor Julee Herdt’s Research and Innovations Guide the Future of Green Building Materials - CU Denver News,https://news.google.com/rss/articles/CBMiuwFBVV95cUxNbUFUN2lCbE1aOGlGRTBPZzlvb0JkS2xXbEp0SDNvZkN2UEdqTXF4U0hjLUkzZ2hQMEV1Z3hOR3VYTEZUbExqVlQzN2dvYWotZ2htay1IdjFEZjV4dmZ0TmV4NTRnLVhJWWs5Y2p3cV8wQkJDRlJsMU5sWnhvQWdLZjc3bnVyTG8ta3NhcHhodWpianRQeGJOMHdVM092emM5Wmw2bFpMM2RZaXFpRlE5MWhKTEs5enhhSllj?oc=5,"Tue, 04 Mar 2025 08:00:00 GMT","<a href=""https://news.google.com/rss/articles/CBMiuwFBVV95cUxNbUFUN2lCbE1aOGlGRTBPZzlvb0JkS2xXbEp0SDNvZkN2UEdqTXF4U0hjLUkzZ2hQMEV1Z3hOR3VYTEZUbExqVlQzN2dvYWotZ2htay1IdjFEZjV4dmZ0TmV4NTRnLVhJWWs5Y2p3cV8wQkJDRlJsMU5sWnhvQWdLZjc3bnVyTG8ta3NhcHhodWpianRQeGJOMHdVM092emM5Wmw2bFpMM2RZaXFpRlE5MWhKTEs5enhhSllj?oc=5"" target=""_blank"">Professor Julee Herdt’s Research and Innovations Guide the Future of Green Building Materials</a>&nbsp;&nbsp;<font color=""#6f6f6f"">CU Denver News</font>"
"Sustainable Construction Materials Market Size, 2034 Report - Global Market Insights Inc.",https://news.google.com/rss/articles/CBMijwFBVV95cUxQb3dQREVNUVgxbnVOWHM4aUFTRDBmeUVacmRMbHZxU2U0eVl1MWJtaFRYMUxEclZPc2VHQVpOcEtVWkpacGVlb2pRU05INGMxWFlZcndmUGZWNnI2QkFIdU1IMEw1RWs2YlhZMkU4djIzLXJXc3NnUTByWk9YeDkyZVp1YnhRVDRwb1pvUXE3WQ?oc=5,"Fri, 08 Nov 2024 08:19:31 GMT","<a href=""https://news.google.com/rss/articles/CBMijwFBVV95cUxQb3dQREVNUVgxbnVOWHM4aUFTRDBmeUVacmRMbHZxU2U0eVl1MWJtaFRYMUxEclZPc2VHQVpOcEtVWkpacGVlb2pRU05INGMxWFlZcndmUGZWNnI2QkFIdU1IMEw1RWs2YlhZMkU4djIzLXJXc3NnUTByWk9YeDkyZVp1YnhRVDRwb1pvUXE3WQ?oc=5"" target=""_blank"">Sustainable Construction Materials Market Size, 2034 Report</a>&nbsp;&nbsp;<font color=""#6f6f6f"">Global Market Insights Inc.</font>"
New carbon-negative material could make concrete and cement more sustainable - Northwestern Now News,https://news.google.com/rss/articles/CBMiwAFBVV95cUxOb1hZNlNyZE0zR2NJWTBpM1NLMC1hejdPLUctYllRcG93MnNCbEZadmttX1VxcEpibHd6OHlHdDhYbzNPa0VLa09HMHY4ejJYenRVT0pQU3dmenlRNHlUUkZBTmhzRjMxV1V4UWtSZkJFMEp1c3FYMmxoMGdKMlhKcm14Z0s2OE9GVExzTU5ibnJZd0FjbUN4M3hjVlllTTMwRE94cWY0LUJzZHdJX0pfWmZfb1BVanZPTDdyVy1SNVM?oc=5,"Wed, 19 Mar 2025 07:00:00 GMT","<a href=""https://news.google.com/rss/articles/CBMiwAFBVV95cUxOb1hZNlNyZE0zR2NJWTBpM1NLMC1hejdPLUctYllRcG93MnNCbEZadmttX1VxcEpibHd6OHlHdDhYbzNPa0VLa09HMHY4ejJYenRVT0pQU3dmenlRNHlUUkZBTmhzRjMxV1V4UWtSZkJFMEp1c3FYMmxoMGdKMlhKcm14Z0s2OE9GVExzTU5ibnJZd0FjbUN4M3hjVlllTTMwRE94cWY0LUJzZHdJX0pfWmZfb1BVanZPTDdyVy1SNVM?oc=5"" target=""_blank"">New carbon-negative material could make concrete and cement more sustainable</a>&nbsp;&nbsp;<font color=""#6f6f6f"">Northwestern Now News</font>"
"Asia Pacific Green Cement Market Size, Share & Trends, 2033 - Market Data Forecast",https://news.google.com/rss/articles/CBMiigFBVV95cUxPMC1zR2ctSXBRNWZYVmtfSXVnTXhYN21fblZJOHNJd3hwaWRCT2hZVy11YjcxQk9FbzR5eEc1MkVPQU9zb0R1M3did0VzazJpMUdnX3dOaEZYbzBBSEJQejdKY0hudE1vZzV6NHRldXRWY2pvc2ZwVzNydmFDc1BsWXVabGZZZ2pjZXc?oc=5,"Wed, 07 May 2025 09:06:54 GMT","<a href=""https://news.google.com/rss/articles/CBMiigFBVV95cUxPMC1zR2ctSXBRNWZYVmtfSXVnTXhYN21fblZJOHNJd3hwaWRCT2hZVy11YjcxQk9FbzR5eEc1MkVPQU9zb0R1M3did0VzazJpMUdnX3dOaEZYbzBBSEJQejdKY0hudE1vZzV6NHRldXRWY2pvc2ZwVzNydmFDc1BsWXVabGZZZ2pjZXc?oc=5"" target=""_blank"">Asia Pacific Green Cement Market Size, Share & Trends, 2033</a>&nbsp;&nbsp;<font color=""#6f6f6f"">Market Data Forecast</font>"
Alternative building materials could store massive amounts of carbon dioxide - Physics World,https://news.google.com/rss/articles/CBMipwFBVV95cUxOa20wTHJENE9ZRHE5MWdHTDZnTzZkLXNSdldGMUp3VnN0V0NXc2FCekl6QndFNlZwb1NPMHZYQzVVZ0ZNZ0xfdnc4aGR5cFBGWGNEUE5qd19pSGRvUXFKdE5Qc2VvOWdKeXBZZU9WWjNKNkpCVWtVZkgtYjRmNFQ4Z1NnLUoxUWhvRVU2UzBuRGdaOFpZMG55bzhYaXlJZVhJWG4ycjkzOA?oc=5,"Mon, 27 Jan 2025 08:00:00 GMT","<a href=""https://news.google.com/rss/articles/CBMipwFBVV95cUxOa20wTHJENE9ZRHE5MWdHTDZnTzZkLXNSdldGMUp3VnN0V0NXc2FCekl6QndFNlZwb1NPMHZYQzVVZ0ZNZ0xfdnc4aGR5cFBGWGNEUE5qd19pSGRvUXFKdE5Qc2VvOWdKeXBZZU9WWjNKNkpCVWtVZkgtYjRmNFQ4Z1NnLUoxUWhvRVU2UzBuRGdaOFpZMG55bzhYaXlJZVhJWG4ycjkzOA?oc=5"" target=""_blank"">Alternative building materials could store massive amounts of carbon dioxide</a>&nbsp;&nbsp;<font color=""#6f6f6f"">Physics World</font>"
Alternative materials for building construction - Nature,https://news.google.com/rss/articles/CBMiWEFVX3lxTFBUWFVvN1cwenF6SFpQQ3hRRjJVY3YtWEhFcVItWU1wZWY3MDBRX1A5cHZJa2FPVnZjeDdZc3N3eXExZFRVVUFvSEVjNzZkNHc3T1p1WktLR18?oc=5,"Fri, 29 Nov 2024 18:22:03 GMT","<a href=""https://news.google.com/rss/articles/CBMiWEFVX3lxTFBUWFVvN1cwenF6SFpQQ3hRRjJVY3YtWEhFcVItWU1wZWY3MDBRX1A5cHZJa2FPVnZjeDdZc3N3eXExZFRVVUFvSEVjNzZkNHc3T1p1WktLR18?oc=5"" target=""_blank"">Alternative materials for building construction</a>&nbsp;&nbsp;<font color=""#6f6f6f"">Nature</font>"
Top Sustainable Construction Materials to Build a Better Future - Autodesk,https://news.google.com/rss/articles/CBMiiwFBVV95cUxQaU5wWFM5RjloTVJOR2RUR2kxS1ZXdnU1TDNENnhOanB2VHVDcVlUVnFMdFZzNEJhQllFXzdoclYwTVhZRWdvOXFhdmt4d29pUmxDelVVVkFvOG9heC14aWRBR3pSNW0zZzdTdVZ6dHpLYTFUUTU1LUZKbmVJNUxFeDllXzd0ZmxucUFN?oc=5,"Fri, 24 May 2024 07:00:00 GMT","<a href=""https://news.google.com/rss/articles/CBMiiwFBVV95cUxQaU5wWFM5RjloTVJOR2RUR2kxS1ZXdnU1TDNENnhOanB2VHVDcVlUVnFMdFZzNEJhQllFXzdoclYwTVhZRWdvOXFhdmt4d29pUmxDelVVVkFvOG9heC14aWRBR3pSNW0zZzdTdVZ6dHpLYTFUUTU1LUZKbmVJNUxFeDllXzd0ZmxucUFN?oc=5"" target=""_blank"">Top Sustainable Construction Materials to Build a Better Future</a>&nbsp;&nbsp;<font color=""#6f6f6f"">Autodesk</font>"
Swedish startup receives funding to transform construction waste into green building materials - ArcticStartup - ArcticStartup,https://news.google.com/rss/articles/CBMiY0FVX3lxTE9jVTczZ09Jb05XYzJ6cjZrMGpoVTBoanRKUl9rbVVOQUdWRkc2TXdkRVY2VjhNNnlISDZ2REpFdlRZYThwS25XU0hlZi1KWER5YUhoSHRTV0sza0N1a2pPMU5BRdIBY0FVX3lxTE9jVTczZ09Jb05XYzJ6cjZrMGpoVTBoanRKUl9rbVVOQUdWRkc2TXdkRVY2VjhNNnlISDZ2REpFdlRZYThwS25XU0hlZi1KWER5YUhoSHRTV0sza0N1a2pPMU5BRQ?oc=5,"Fri, 21 Feb 2025 08:00:00 GMT","<a href=""https://news.google.com/rss/articles/CBMiY0FVX3lxTE9jVTczZ09Jb05XYzJ6cjZrMGpoVTBoanRKUl9rbVVOQUdWRkc2TXdkRVY2VjhNNnlISDZ2REpFdlRZYThwS25XU0hlZi1KWER5YUhoSHRTV0sza0N1a2pPMU5BRdIBY0FVX3lxTE9jVTczZ09Jb05XYzJ6cjZrMGpoVTBoanRKUl9rbVVOQUdWRkc2TXdkRVY2VjhNNnlISDZ2REpFdlRZYThwS25XU0hlZi1KWER5YUhoSHRTV0sza0N1a2pPMU5BRQ?oc=5"" target=""_blank"">Swedish startup receives funding to transform construction waste into green building materials - ArcticStartup</a>&nbsp;&nbsp;<font color=""#6f6f6f"">ArcticStartup</font>"
Top 10: Sustainable Building Materials Companies - Construction Digital,https://news.google.com/rss/articles/CBMijgFBVV95cUxOaDlIcXN1OVNiUnQyQ3p3OUJyYU0tX19hRFRhTHg1WkljNVBXNTZCV09hYUZCXzV3VTU0dmdGMTZSNGhWdUNpLUwzZWduWFBjU3JPYTJFQm5qTWVDWHl5ZFh3endEcllqTmdvUVZkR3BtdjJaRHk5Wkk0LVZ3SjlXUElCb0E0aV9BZkFqd29R?oc=5,"Wed, 25 Sep 2024 07:00:00 GMT","<a href=""https://news.google.com/rss/articles/CBMijgFBVV95cUxOaDlIcXN1OVNiUnQyQ3p3OUJyYU0tX19hRFRhTHg1WkljNVBXNTZCV09hYUZCXzV3VTU0dmdGMTZSNGhWdUNpLUwzZWduWFBjU3JPYTJFQm5qTWVDWHl5ZFh3endEcllqTmdvUVZkR3BtdjJaRHk5Wkk0LVZ3SjlXUElCb0E0aV9BZkFqd29R?oc=5"" target=""_blank"">Top 10: Sustainable Building Materials Companies</a>&nbsp;&nbsp;<font color=""#6f6f6f"">Construction Digital</font>"
Building materials could store more than 16 billion tonnes of CO2 annually - Science | AAAS,https://news.google.com/rss/articles/CBMiYEFVX3lxTE5Od3J2QmctNk8yUXBmZHByY0dpUnJNM2NVWTNiOTI0Z1ZLODk5UHpheVJoSEY4Nm81OU8tWjBBNHQ4ZU1sTGFJZG1CT1RpOEcwdFRHdnFRZVZTbXRsbjZaUg?oc=5,"Thu, 09 Jan 2025 08:00:00 GMT","<a href=""https://news.google.com/rss/articles/CBMiYEFVX3lxTE5Od3J2QmctNk8yUXBmZHByY0dpUnJNM2NVWTNiOTI0Z1ZLODk5UHpheVJoSEY4Nm81OU8tWjBBNHQ4ZU1sTGFJZG1CT1RpOEcwdFRHdnFRZVZTbXRsbjZaUg?oc=5"" target=""_blank"">Building materials could store more than 16 billion tonnes of CO2 annually</a>&nbsp;&nbsp;<font color=""#6f6f6f"">Science | AAAS</font>"
Assessing the maturity of alternative construction materials and their potential impact on embodied carbon for single-family homes in the American Midwest - Frontiers,https://news.google.com/rss/articles/CBMimwFBVV95cUxPcUdGVUxLa3dyelVRc3RLbzljM1daa2pSaEJUbUtCalo2ZC1GX016MDhST3pDbE0tQ1lJeE5nd0JDcmJ5b21ZNUZzX2JhWWJiRWMzZVk5eVNlNUpNSDVzT19LbC1jNmdXVkl4S2FhU0VTUm1ZZWdVR3EzRDVhejBlbWVSV2hieTdWa0I4UHJLcm8tV216T2owbzlpdw?oc=5,"Mon, 24 Jun 2024 17:10:30 GMT","<a href=""https://news.google.com/rss/articles/CBMimwFBVV95cUxPcUdGVUxLa3dyelVRc3RLbzljM1daa2pSaEJUbUtCalo2ZC1GX016MDhST3pDbE0tQ1lJeE5nd0JDcmJ5b21ZNUZzX2JhWWJiRWMzZVk5eVNlNUpNSDVzT19LbC1jNmdXVkl4S2FhU0VTUm1ZZWdVR3EzRDVhejBlbWVSV2hieTdWa0I4UHJLcm8tV216T2owbzlpdw?oc=5"" target=""_blank"">Assessing the maturity of alternative construction materials and their potential impact on embodied carbon for single-family homes in the American Midwest</a>&nbsp;&nbsp;<font color=""#6f6f6f"">Frontiers</font>"
7 products for 2025 that align with LEED v5 themes - U.S. Green Building Council,https://news.google.com/rss/articles/CBMidkFVX3lxTE9WaFo2LWlWMTRibG9VZXlnMy1hcUxrcFhtWkVKNnplclUzaEFKYVlUcGpES0h2V0ppd2NsRk54aXBiLUloRFBJV0xSa3IxeTJhVzgzQW5lTmZHQ0Y0NlRKM0E5V0Y2R25vQkV1a05HTERndW9FTEE?oc=5,"Wed, 15 Jan 2025 08:00:00 GMT","<a href=""https://news.google.com/rss/articles/CBMidkFVX3lxTE9WaFo2LWlWMTRibG9VZXlnMy1hcUxrcFhtWkVKNnplclUzaEFKYVlUcGpES0h2V0ppd2NsRk54aXBiLUloRFBJV0xSa3IxeTJhVzgzQW5lTmZHQ0Y0NlRKM0E5V0Y2R25vQkV1a05HTERndW9FTEE?oc=5"" target=""_blank"">7 products for 2025 that align with LEED v5 themes</a>&nbsp;&nbsp;<font color=""#6f6f6f"">U.S. Green Building Council</font>"
Sustainable Construction Technologies: Advancements in Eco-Friendly Building Materials and Practices - TechSpective,https://news.google.com/rss/articles/CBMi0gFBVV95cUxQcHRhVHhiTUxnbmhDWHJmdmNNQjhCeUhVbVdTNUxGUXIxdlBfYmdtNzJPZ3NKNDBLN2prQnRidnhhalRxcy10UFFtYTNackdIU2pYb19LS1ZCMmlKYzhDQWp6TmhYaV9oQi1xZ2lvWGZGZUs1d04zQ0xBVlZkTHRuUXV6bWF5ZFlyYU5sd0lzSkpITl9fVENNUDFVbm5SWnBxYWpjaWdRQzBkM2EwSGlzODlnV1Qyd3RPNzROVFMzdlFPS2VJdmFMZWJzMVhtOGRJTFHSAdcBQVVfeXFMT1hSYzdIclc1VjZodVh1ZnR2SnlpUVBoZjBxMktWWG4ycTYzU3RJZHFBQWZZcVNfdnU5RGlncUsyaUFsWlNaY0V2bmJTV0RtRllrMEZ2cm02ZFVzX3dvZTZhVzREM1ROZklvSlZmbjE2bmt6a1hjZkppTFdNck12RU1IZElsQ1VfaHJQMG1pbnBFendKWFplNmFsNFFBQVFYSDNqelRGdTNFemZZb0kxSG9HRzFhVTJkZXhsRWtQZHp6WFpsSmFveXYyQ2xRbEx0Mlp5bkV2LTA?oc=5,"Tue, 23 Jul 2024 07:00:00 GMT","<a href=""https://news.google.com/rss/articles/CBMi0gFBVV95cUxQcHRhVHhiTUxnbmhDWHJmdmNNQjhCeUhVbVdTNUxGUXIxdlBfYmdtNzJPZ3NKNDBLN2prQnRidnhhalRxcy10UFFtYTNackdIU2pYb19LS1ZCMmlKYzhDQWp6TmhYaV9oQi1xZ2lvWGZGZUs1d04zQ0xBVlZkTHRuUXV6bWF5ZFlyYU5sd0lzSkpITl9fVENNUDFVbm5SWnBxYWpjaWdRQzBkM2EwSGlzODlnV1Qyd3RPNzROVFMzdlFPS2VJdmFMZWJzMVhtOGRJTFHSAdcBQVVfeXFMT1hSYzdIclc1VjZodVh1ZnR2SnlpUVBoZjBxMktWWG4ycTYzU3RJZHFBQWZZcVNfdnU5RGlncUsyaUFsWlNaY0V2bmJTV0RtRllrMEZ2cm02ZFVzX3dvZTZhVzREM1ROZklvSlZmbjE2bmt6a1hjZkppTFdNck12RU1IZElsQ1VfaHJQMG1pbnBFendKWFplNmFsNFFBQVFYSDNqelRGdTNFemZZb0kxSG9HRzFhVTJkZXhsRWtQZHp6WFpsSmFveXYyQ2xRbEx0Mlp5bkV2LTA?oc=5"" target=""_blank"">Sustainable Construction Technologies: Advancements in Eco-Friendly Building Materials and Practices</a>&nbsp;&nbsp;<font color=""#6f6f6f"">TechSpective</font>"
5 creative materials that could build our homes and buildings of the future - The Cool Down,https://news.google.com/rss/articles/CBMirwFBVV95cUxNSDdWMkNCVmlkdnNKbjNzWUswblIyRHR2cmhpaVpqY2lqT0tldXItWTVsU1JEY3cyLUZQb0x4M1lHMEtkay1DeXpmWUVyOEo1WEljU2hWaXhKOFlJM2FQYUI5LWZaaEI0YkdrWjhvX3RUWUFOVDRLMUZlclRXeXFMRzYtOHdzQnh6d0ExdnNCaFpYOXFJSDYzVGJDT2cxZ0RSalBQUGhqUGtUY1UwWkJR?oc=5,"Wed, 19 Feb 2025 08:00:00 GMT","<a href=""https://news.google.com/rss/articles/CBMirwFBVV95cUxNSDdWMkNCVmlkdnNKbjNzWUswblIyRHR2cmhpaVpqY2lqT0tldXItWTVsU1JEY3cyLUZQb0x4M1lHMEtkay1DeXpmWUVyOEo1WEljU2hWaXhKOFlJM2FQYUI5LWZaaEI0YkdrWjhvX3RUWUFOVDRLMUZlclRXeXFMRzYtOHdzQnh6d0ExdnNCaFpYOXFJSDYzVGJDT2cxZ0RSalBQUGhqUGtUY1UwWkJR?oc=5"" target=""_blank"">5 creative materials that could build our homes and buildings of the future</a>&nbsp;&nbsp;<font color=""#6f6f6f"">The Cool Down</font>"
Engineered Biomaterial with Living Cells Offers Sustainable Construction Potential - AZoBuild,https://news.google.com/rss/articles/CBMiW0FVX3lxTFA3VUFWWnZHSWNtNVpabnlwYjFNZUdVTFNqeVQ4M0VIZzl1VkU4WXl6QUJjUzdjLXdqLVU4djVrQl82eFFYeER6UzdZVDhsazd2SXNTVlNIRERlZ3c?oc=5,"Thu, 17 Apr 2025 07:00:00 GMT","<a href=""https://news.google.com/rss/articles/CBMiW0FVX3lxTFA3VUFWWnZHSWNtNVpabnlwYjFNZUdVTFNqeVQ4M0VIZzl1VkU4WXl6QUJjUzdjLXdqLVU4djVrQl82eFFYeER6UzdZVDhsazd2SXNTVlNIRERlZ3c?oc=5"" target=""_blank"">Engineered Biomaterial with Living Cells Offers Sustainable Construction Potential</a>&nbsp;&nbsp;<font color=""#6f6f6f"">AZoBuild</font>"
New Carbon-Negative Material Could Make Concrete and Cement More Sustainable - Northwestern University,https://news.google.com/rss/articles/CBMi1AFBVV95cUxPR3c4cVFjcUJRajE5NjRlRjlWdlNBaW5iaTV4YmZ1Y3BDUnFaRV9VM3NZejlEcDMzNF91NHItTzlNYlZ3eEVWUUI3c0RaUzhNeFFlTm1nMXNmeXpkaFFNOWRxUzRJRUx5VHYxbW52VzVDUS1RNUNZQXFXejRuWjMzb2xoUXRsVlBmd2hndDFFVlJDQUM5Qm1fSVQ0UzdheGRCbURPd1FPZ25NSWhrLTMyTnlabXVUSjdUdkVLaGUwYWlkUzhseS1wRjZRaV9OQzA2ajRoMw?oc=5,"Wed, 19 Mar 2025 07:00:00 GMT","<a href=""https://news.google.com/rss/articles/CBMi1AFBVV95cUxPR3c4cVFjcUJRajE5NjRlRjlWdlNBaW5iaTV4YmZ1Y3BDUnFaRV9VM3NZejlEcDMzNF91NHItTzlNYlZ3eEVWUUI3c0RaUzhNeFFlTm1nMXNmeXpkaFFNOWRxUzRJRUx5VHYxbW52VzVDUS1RNUNZQXFXejRuWjMzb2xoUXRsVlBmd2hndDFFVlJDQUM5Qm1fSVQ0UzdheGRCbURPd1FPZ25NSWhrLTMyTnlabXVUSjdUdkVLaGUwYWlkUzhseS1wRjZRaV9OQzA2ajRoMw?oc=5"" target=""_blank"">New Carbon-Negative Material Could Make Concrete and Cement More Sustainable</a>&nbsp;&nbsp;<font color=""#6f6f6f"">Northwestern University</font>"
Development and performance evaluation of alternative road construction material using clay and recycled concrete debris - Nature,https://news.google.com/rss/articles/CBMiX0FVX3lxTE1IeFB1VEtZb24zOXR4TmRzWk44VDlFWGw0WjZzSWNMajE0bGNVS3U5YkwzOXkwcjVYa1pKSXl1aEJicjY0dDNYcE1kZmtkNlM2US1LcmMwTkM5T1liZm9F?oc=5,"Wed, 19 Mar 2025 07:00:00 GMT","<a href=""https://news.google.com/rss/articles/CBMiX0FVX3lxTE1IeFB1VEtZb24zOXR4TmRzWk44VDlFWGw0WjZzSWNMajE0bGNVS3U5YkwzOXkwcjVYa1pKSXl1aEJicjY0dDNYcE1kZmtkNlM2US1LcmMwTkM5T1liZm9F?oc=5"" target=""_blank"">Development and performance evaluation of alternative road construction material using clay and recycled concrete debris</a>&nbsp;&nbsp;<font color=""#6f6f6f"">Nature</font>"
Editorial: Sustainable building materials from recycled cement/concrete and recycled industrial wastes - Frontiers,https://news.google.com/rss/articles/CBMimwFBVV95cUxNalRDVkVzblZNUThvVGgtWDNsX2NfNW9jZVNxLVNQMmE5UERTQlpoVWJfSDJja1VaakFHM25KWVZuRGtsZjlXWnlBam5PUktLWlV1RzJtSTVRRGtYVnM1QTk5bWhTY01jb2RDcWNBLUhYdDZRX21PenphNHR6S016SmwyblQ3Mjh1ZVFadlpKdFdiZEN4dUNlcGFJTQ?oc=5,"Thu, 13 Feb 2025 19:43:41 GMT","<a href=""https://news.google.com/rss/articles/CBMimwFBVV95cUxNalRDVkVzblZNUThvVGgtWDNsX2NfNW9jZVNxLVNQMmE5UERTQlpoVWJfSDJja1VaakFHM25KWVZuRGtsZjlXWnlBam5PUktLWlV1RzJtSTVRRGtYVnM1QTk5bWhTY01jb2RDcWNBLUhYdDZRX21PenphNHR6S016SmwyblQ3Mjh1ZVFadlpKdFdiZEN4dUNlcGFJTQ?oc=5"" target=""_blank"">Editorial: Sustainable building materials from recycled cement/concrete and recycled industrial wastes</a>&nbsp;&nbsp;<font color=""#6f6f6f"">Frontiers</font>"
Deconstruction is an eco-friendly alternative to building demolition - The World Economic Forum,https://news.google.com/rss/articles/CBMikgFBVV95cUxQdzVkbW9VY2Z6TFhpZzhvR2thYUNxSnFrOEk0M1BpMUdRQ2R2bG1pX2xaWGxSYTJtc0M3NTZpNzhVWkhPb2MwdmtSMS0tZEVtSHR6N2swNVRaczh1ZXV1anp6enoxS0ZIUHlyc3N0TnZfbFJrVGNaeVQ2anVwS0lBd2RQVHhDWUh3YkJLdjZKTklOUQ?oc=5,"Thu, 19 Sep 2024 07:00:00 GMT","<a href=""https://news.google.com/rss/articles/CBMikgFBVV95cUxQdzVkbW9VY2Z6TFhpZzhvR2thYUNxSnFrOEk0M1BpMUdRQ2R2bG1pX2xaWGxSYTJtc0M3NTZpNzhVWkhPb2MwdmtSMS0tZEVtSHR6N2swNVRaczh1ZXV1anp6enoxS0ZIUHlyc3N0TnZfbFJrVGNaeVQ2anVwS0lBd2RQVHhDWUh3YkJLdjZKTklOUQ?oc=5"" target=""_blank"">Deconstruction is an eco-friendly alternative to building demolition</a>&nbsp;&nbsp;<font color=""#6f6f6f"">The World Economic Forum</font>"
I create buildings from mushroom components - Nature,https://news.google.com/rss/articles/CBMiX0FVX3lxTFBXS0JrbFpTZ1RFS0pNWG82TVdwMTZXbk02NDVhODhjN1BmX2gyZ0xWaEVQQlVBMWFUQjVJMmUtbzhLa3dFVGsxbjBqdGxmRl8zY0NfRW9zWXQ2cmtWSnU0?oc=5,"Mon, 10 Mar 2025 07:00:00 GMT","<a href=""https://news.google.com/rss/articles/CBMiX0FVX3lxTFBXS0JrbFpTZ1RFS0pNWG82TVdwMTZXbk02NDVhODhjN1BmX2gyZ0xWaEVQQlVBMWFUQjVJMmUtbzhLa3dFVGsxbjBqdGxmRl8zY0NfRW9zWXQ2cmtWSnU0?oc=5"" target=""_blank"">I create buildings from mushroom components</a>&nbsp;&nbsp;<font color=""#6f6f6f"">Nature</font>"
Enhancing the use of sustainable construction materials in southwest Nigeria: exploring the roles of quantity surveyors - Frontiers,https://news.google.com/rss/articles/CBMimwFBVV95cUxNYjNjdzR6NlF1NVNUUHhHcDctTFNhYVNtQkZuVGltWHd4ZUxTOWlENk5rUVdiU3RyeTd3MzhXMnc1TFlzOEk5V1A0a0hzc2hLQnhHTUludHp2T0VPM1lpd29JZzlucG1UQW9yc1pmT3FnVjlJZWF2ck8zT3NpRnQ3S3NpOXBWeHBLVVBrQTVSeEFPNUNLcGdyZVNkNA?oc=5,"Tue, 08 Apr 2025 07:00:00 GMT","<a href=""https://news.google.com/rss/articles/CBMimwFBVV95cUxNYjNjdzR6NlF1NVNUUHhHcDctTFNhYVNtQkZuVGltWHd4ZUxTOWlENk5rUVdiU3RyeTd3MzhXMnc1TFlzOEk5V1A0a0hzc2hLQnhHTUludHp2T0VPM1lpd29JZzlucG1UQW9yc1pmT3FnVjlJZWF2ck8zT3NpRnQ3S3NpOXBWeHBLVVBrQTVSeEFPNUNLcGdyZVNkNA?oc=5"" target=""_blank"">Enhancing the use of sustainable construction materials in southwest Nigeria: exploring the roles of quantity surveyors</a>&nbsp;&nbsp;<font color=""#6f6f6f"">Frontiers</font>"
Transforming CO2 into Building Materials - AZoM,https://news.google.com/rss/articles/CBMiXkFVX3lxTE1JTzBIUWVnVmo2d0hnTkphMDFYVi1RNTRaYnJBMTJnOGs2UEVtcGpOWHJvTjlzSV9OMzg0WDFSU3diUjVDa2I5amIwWDZ1NGp0dzRQb29Rek55clYyWEE?oc=5,"Tue, 07 Jan 2025 08:00:00 GMT","<a href=""https://news.google.com/rss/articles/CBMiXkFVX3lxTE1JTzBIUWVnVmo2d0hnTkphMDFYVi1RNTRaYnJBMTJnOGs2UEVtcGpOWHJvTjlzSV9OMzg0WDFSU3diUjVDa2I5amIwWDZ1NGp0dzRQb29Rek55clYyWEE?oc=5"" target=""_blank"">Transforming CO2 into Building Materials</a>&nbsp;&nbsp;<font color=""#6f6f6f"">AZoM</font>"
Global Market for Green Building Materials Predicted to Reach US$645.5 Billion by 2030 - GlobeNewswire,https://news.google.com/rss/articles/CBMi9AFBVV95cUxQUTZYM1NjVmZOY1hIUWp4SHlCZHFZTG1PNlZHbzhaUVpCaDd2VVlIRlNPLTF1TGJXaS1hMjhLV1hXd2hheGRxNVpVakN2MVQxeGtRSGNqT01BUlRubWNvZEljVEdXS3pzNHlXLTFOdmd2c2U5dExyMDVUR09xZm5KV3VGUUNhOXVnY2UwYzJ1Wmx3RnpXZ3c2NHRPRTE5b28tUnpKSjJfdWg5TnlOUkg4NmpxQjIxSkdUdXZZejdRMV9RSFp5TW9DT2tleHY3cmtjNHFtTTNva3AtR2Q1SXhKTmxoVlpOS3ZHNXl6dmM5TU5iTzAw?oc=5,"Mon, 07 Oct 2024 07:00:00 GMT","<a href=""https://news.google.com/rss/articles/CBMi9AFBVV95cUxQUTZYM1NjVmZOY1hIUWp4SHlCZHFZTG1PNlZHbzhaUVpCaDd2VVlIRlNPLTF1TGJXaS1hMjhLV1hXd2hheGRxNVpVakN2MVQxeGtRSGNqT01BUlRubWNvZEljVEdXS3pzNHlXLTFOdmd2c2U5dExyMDVUR09xZm5KV3VGUUNhOXVnY2UwYzJ1Wmx3RnpXZ3c2NHRPRTE5b28tUnpKSjJfdWg5TnlOUkg4NmpxQjIxSkdUdXZZejdRMV9RSFp5TW9DT2tleHY3cmtjNHFtTTNva3AtR2Q1SXhKTmxoVlpOS3ZHNXl6dmM5TU5iTzAw?oc=5"" target=""_blank"">Global Market for Green Building Materials Predicted to Reach US$645.5 Billion by 2030</a>&nbsp;&nbsp;<font color=""#6f6f6f"">GlobeNewswire</font>"
Industrial Calcium Byproduct Waste: Sustainable Construction Materials for Building Applications - ACS Publications,https://news.google.com/rss/articles/CBMiakFVX3lxTE5nbTM0akdBSUJzQ0dTX29KOVhlZUNYTVpCNHd0a3lxbmcxdkZuOGFtNVdNelJZNnE2M0xTeE0xQm5oSUN2Mi1HNDFISkREdG41WHVfY0JOVG5QaXhHaklwLXQ4WGQ0QkNudFE?oc=5,"Thu, 09 Jan 2025 08:00:00 GMT","<a href=""https://news.google.com/rss/articles/CBMiakFVX3lxTE5nbTM0akdBSUJzQ0dTX29KOVhlZUNYTVpCNHd0a3lxbmcxdkZuOGFtNVdNelJZNnE2M0xTeE0xQm5oSUN2Mi1HNDFISkREdG41WHVfY0JOVG5QaXhHaklwLXQ4WGQ0QkNudFE?oc=5"" target=""_blank"">Industrial Calcium Byproduct Waste: Sustainable Construction Materials for Building Applications</a>&nbsp;&nbsp;<font color=""#6f6f6f"">ACS Publications</font>"
Innovations in recycled construction materials: paving the way towards sustainable road infrastructure - Frontiers,https://news.google.com/rss/articles/CBMimwFBVV95cUxOY2laRjBqcjBiZ1V3YlhobFV2WXpLanE0VXRRZWJjODB2c2pjZXhKMjAyODNPNnJERGtCdHZqNFN1YlFnbWVMbzZnNUdMU0s0YlFqWTh1LXZxNnhYZ3g2QVFIQTF1cnpBaFBMLThhRlZmUkRrNzFpY0E0Vnh6M1kxZ3RON3EwX3FNZTRIMEJrN2xjNk5kZzdNV1Nacw?oc=5,"Mon, 23 Sep 2024 07:00:00 GMT","<a href=""https://news.google.com/rss/articles/CBMimwFBVV95cUxOY2laRjBqcjBiZ1V3YlhobFV2WXpLanE0VXRRZWJjODB2c2pjZXhKMjAyODNPNnJERGtCdHZqNFN1YlFnbWVMbzZnNUdMU0s0YlFqWTh1LXZxNnhYZ3g2QVFIQTF1cnpBaFBMLThhRlZmUkRrNzFpY0E0Vnh6M1kxZ3RON3EwX3FNZTRIMEJrN2xjNk5kZzdNV1Nacw?oc=5"" target=""_blank"">Innovations in recycled construction materials: paving the way towards sustainable road infrastructure</a>&nbsp;&nbsp;<font color=""#6f6f6f"">Frontiers</font>"
(PDF) A Review of the Performance and Benefits of Mass Timber as an Alternative to Concrete and Steel for Improving the Sustainability of Structures - ResearchGate,https://news.google.com/rss/articles/CBMingJBVV95cUxQUFRNRTFFQmZodTJ6RWQ4Ylc0dlhMdDVZdm00NDJLZ281U2t5UWhsXzNweEZWSC1rdFJCV09rWnprNkpSODVJLTFZakRDdG5tdS1jeW0zZmZRaHVvbi1XY2pYXzdMY1E5dXlObndZeGo3TjJiMHhPUnRMVE96NVJpdzEzZjFHb2pFeFctX1B1VVlPcXp6akFodHUyMWdvUlJIV1NsODFHeS1hQ1hjbGJOU0s1X3VYZnRGamRITzFyWVNIZGNvLUhuU2YyREEyMG5DLTVWdmNaTHNBUXhwVXlFY2NkSVdPVnlEUGNhRGwzeVRka3I0M3o1dHA4c1NVWjVPNno0LVJDNkZhWWNxNURNNXhmRUd1SXcyQjBpYzlR?oc=5,"Wed, 23 Apr 2025 07:00:00 GMT","<a href=""https://news.google.com/rss/articles/CBMingJBVV95cUxQUFRNRTFFQmZodTJ6RWQ4Ylc0dlhMdDVZdm00NDJLZ281U2t5UWhsXzNweEZWSC1rdFJCV09rWnprNkpSODVJLTFZakRDdG5tdS1jeW0zZmZRaHVvbi1XY2pYXzdMY1E5dXlObndZeGo3TjJiMHhPUnRMVE96NVJpdzEzZjFHb2pFeFctX1B1VVlPcXp6akFodHUyMWdvUlJIV1NsODFHeS1hQ1hjbGJOU0s1X3VYZnRGamRITzFyWVNIZGNvLUhuU2YyREEyMG5DLTVWdmNaTHNBUXhwVXlFY2NkSVdPVnlEUGNhRGwzeVRka3I0M3o1dHA4c1NVWjVPNno0LVJDNkZhWWNxNURNNXhmRUd1SXcyQjBpYzlR?oc=5"" target=""_blank"">(PDF) A Review of the Performance and Benefits of Mass Timber as an Alternative to Concrete and Steel for Improving the Sustainability of Structures</a>&nbsp;&nbsp;<font color=""#6f6f6f"">ResearchGate</font>"
Building materials could remove 1.6 billion tons of CO2 per year - Reccessary,https://news.google.com/rss/articles/CBMitwFBVV95cUxNc2ZjUVpSRjMybU02RWo2UGg1ME9hN2Nvenlub1hXZ3Q3Z0hRbTJnTnNUQkhlaTFQSnZvTDViQlFTVEZOWGljQVQ2S3hrVEYzTHpqTy1oX3h5TVh0Q09EX3hPRE9UZ2hNa3BCMVBiX0x2WExxbFh3UE1odXA3bHoyZmZTS0RxMU8zYjYxWjFoeEpPWHFqR0dNUXlOUzdRX1hDQU9zcDh4d1EzQlNERUJXN1g0VjJjWmM?oc=5,"Wed, 15 Jan 2025 08:00:00 GMT","<a href=""https://news.google.com/rss/articles/CBMitwFBVV95cUxNc2ZjUVpSRjMybU02RWo2UGg1ME9hN2Nvenlub1hXZ3Q3Z0hRbTJnTnNUQkhlaTFQSnZvTDViQlFTVEZOWGljQVQ2S3hrVEYzTHpqTy1oX3h5TVh0Q09EX3hPRE9UZ2hNa3BCMVBiX0x2WExxbFh3UE1odXA3bHoyZmZTS0RxMU8zYjYxWjFoeEpPWHFqR0dNUXlOUzdRX1hDQU9zcDh4d1EzQlNERUJXN1g0VjJjWmM?oc=5"" target=""_blank"">Building materials could remove 1.6 billion tons of CO2 per year</a>&nbsp;&nbsp;<font color=""#6f6f6f"">Reccessary</font>"
Enhancing Sustainability in Construction Materials Through Innovative Practices - Intelligent Living,https://news.google.com/rss/articles/CBMie0FVX3lxTE94RUVBcjBTNXBZOXVYRHhiMjBtOGV6eDlxU0NOUFlwSnI4UnNlaEdXeXlIUmRMLXRsV2NSTG4wTWh3ZjdoZF9DbzJDbXRDRFV5MldRUUJta1NVLVJ3WXBuTHotV29ZYm9jaWZET2o4OHZJYi1DN0IyQ0NQdw?oc=5,"Sun, 17 Nov 2024 08:00:00 GMT","<a href=""https://news.google.com/rss/articles/CBMie0FVX3lxTE94RUVBcjBTNXBZOXVYRHhiMjBtOGV6eDlxU0NOUFlwSnI4UnNlaEdXeXlIUmRMLXRsV2NSTG4wTWh3ZjdoZF9DbzJDbXRDRFV5MldRUUJta1NVLVJ3WXBuTHotV29ZYm9jaWZET2o4OHZJYi1DN0IyQ0NQdw?oc=5"" target=""_blank"">Enhancing Sustainability in Construction Materials Through Innovative Practices</a>&nbsp;&nbsp;<font color=""#6f6f6f"">Intelligent Living</font>"
How Declare Labels Contribute to a Greener Construction industry - Earth.Org,https://news.google.com/rss/articles/CBMikgFBVV95cUxQa0pMY0ZFV0xPZ0hmUXlkUFVNUGpXSWc1VkZVVjNBaEZsRmc5VlA2cnVqQm1fN0h5bDI3MEh1UThrSy0tcFFvbTl5WVU5emRRdU5KNUpyemNCMGRENUY5OU9yYU9KanlEZWlEUllzdGVNdlhMVDUzS2txN1hSSUp5RGlCb3psbDlvYnZqalpKem9IQQ?oc=5,"Fri, 09 Aug 2024 07:00:00 GMT","<a href=""https://news.google.com/rss/articles/CBMikgFBVV95cUxQa0pMY0ZFV0xPZ0hmUXlkUFVNUGpXSWc1VkZVVjNBaEZsRmc5VlA2cnVqQm1fN0h5bDI3MEh1UThrSy0tcFFvbTl5WVU5emRRdU5KNUpyemNCMGRENUY5OU9yYU9KanlEZWlEUllzdGVNdlhMVDUzS2txN1hSSUp5RGlCb3psbDlvYnZqalpKem9IQQ?oc=5"" target=""_blank"">How Declare Labels Contribute to a Greener Construction industry</a>&nbsp;&nbsp;<font color=""#6f6f6f"">Earth.Org</font>"
Are bio-based materials suitable for mainstream construction? - Buro Happold,https://news.google.com/rss/articles/CBMimgFBVV95cUxORndYQW5aR3hDeEdFcld6RWhobnYtaHYwN1VhMWgyVTRESjQwamNiZjlyTXVhRjJYcENRNF9kS3V3TWprQjAzd0FtRmE5b1NSQmhFWmRIQ2hZOEhiSmo1aE1YSnZGSGJ2U1hRS1F1M0xJSkowNF9wbC1wMlNrRXdtRWV0U2RzMjVDSnU4Y0JIZFpFTzVYSUZjVUFR?oc=5,"Fri, 09 Aug 2024 07:00:00 GMT","<a href=""https://news.google.com/rss/articles/CBMimgFBVV95cUxORndYQW5aR3hDeEdFcld6RWhobnYtaHYwN1VhMWgyVTRESjQwamNiZjlyTXVhRjJYcENRNF9kS3V3TWprQjAzd0FtRmE5b1NSQmhFWmRIQ2hZOEhiSmo1aE1YSnZGSGJ2U1hRS1F1M0xJSkowNF9wbC1wMlNrRXdtRWV0U2RzMjVDSnU4Y0JIZFpFTzVYSUZjVUFR?oc=5"" target=""_blank"">Are bio-based materials suitable for mainstream construction?</a>&nbsp;&nbsp;<font color=""#6f6f6f"">Buro Happold</font>"
Construction Materials as a Solution for Carbon Dioxide Storage - AZoCleantech,https://news.google.com/rss/articles/CBMiYEFVX3lxTFB0Q1dUZVdXM2xvdlh3QTZMVVpKVy1yLUkwWHdsUUs5UjV3Z2MwSFZtZmJrb3BTRmhscm43Q2Vtc0V1cWZOSFNGZkRvZlZjSm51dF95bGloODUxLTJ6VnNTbg?oc=5,"Mon, 20 Jan 2025 08:00:00 GMT","<a href=""https://news.google.com/rss/articles/CBMiYEFVX3lxTFB0Q1dUZVdXM2xvdlh3QTZMVVpKVy1yLUkwWHdsUUs5UjV3Z2MwSFZtZmJrb3BTRmhscm43Q2Vtc0V1cWZOSFNGZkRvZlZjSm51dF95bGloODUxLTJ6VnNTbg?oc=5"" target=""_blank"">Construction Materials as a Solution for Carbon Dioxide Storage</a>&nbsp;&nbsp;<font color=""#6f6f6f"">AZoCleantech</font>"
UA Professor Upcycling Waste for Green Construction and Jobs - UA News Center,https://news.google.com/rss/articles/CBMikwFBVV95cUxOb3VsMnc2SkFZcEhnemR5VG1QT3dkSy01Ym55MDJkQ3lqWUw4ek9kZF83YW1Vb250dEcyUGhBWG1Ec2VyLVh0dlRXMmViZW1yRmEyNktIMkRrdUlYOEpnZnAtc1hTSDQ0Y0JKdG83WU9PR003QTIzWU9MUFFlcFFEWGpmQW4zSUI3VDBEV3JSalJsaGc?oc=5,"Wed, 02 Oct 2024 07:00:00 GMT","<a href=""https://news.google.com/rss/articles/CBMikwFBVV95cUxOb3VsMnc2SkFZcEhnemR5VG1QT3dkSy01Ym55MDJkQ3lqWUw4ek9kZF83YW1Vb250dEcyUGhBWG1Ec2VyLVh0dlRXMmViZW1yRmEyNktIMkRrdUlYOEpnZnAtc1hTSDQ0Y0JKdG83WU9PR003QTIzWU9MUFFlcFFEWGpmQW4zSUI3VDBEV3JSalJsaGc?oc=5"" target=""_blank"">UA Professor Upcycling Waste for Green Construction and Jobs</a>&nbsp;&nbsp;<font color=""#6f6f6f"">UA News Center</font>"
Analyzing the Lifecycle of Sustainable Building Materials - AZoBuild,https://news.google.com/rss/articles/CBMiYkFVX3lxTFBvWHpYVE4xLWlSY21FNXgtZTNiTlNoa2xQMnFJUGxyVXNyQWJETDQ4SlhiY1FNYmJVZTM3LUFDVUgxMUhJdzFLd2o5MHJRSHhZUFB6UFA1YXdERmI2UG1GS3dB?oc=5,"Fri, 14 Jun 2024 07:00:00 GMT","<a href=""https://news.google.com/rss/articles/CBMiYkFVX3lxTFBvWHpYVE4xLWlSY21FNXgtZTNiTlNoa2xQMnFJUGxyVXNyQWJETDQ4SlhiY1FNYmJVZTM3LUFDVUgxMUhJdzFLd2o5MHJRSHhZUFB6UFA1YXdERmI2UG1GS3dB?oc=5"" target=""_blank"">Analyzing the Lifecycle of Sustainable Building Materials</a>&nbsp;&nbsp;<font color=""#6f6f6f"">AZoBuild</font>"
3DP for sustainable built environment – Synthesis and thermomechanical characterization of composite materials based on local soil and date palm fiber waste - ScienceDirect.com,https://news.google.com/rss/articles/CBMidkFVX3lxTE9xQXNuUWF6ZUJ0ZUZLb0dtaEJRVjk1aEJIYlpJc2c5WHFsZE9MRy1rbERoNlNGb1dlcWNvVWJEdUxSUWJIRTBmUUFfLXMtUVV4eEJIZmh3bXVUaXBpTUVQM012b0FsTlhRdmNDS2NVeE1ydWQwb2c?oc=5,"Mon, 25 Nov 2024 08:00:00 GMT","<a href=""https://news.google.com/rss/articles/CBMidkFVX3lxTE9xQXNuUWF6ZUJ0ZUZLb0dtaEJRVjk1aEJIYlpJc2c5WHFsZE9MRy1rbERoNlNGb1dlcWNvVWJEdUxSUWJIRTBmUUFfLXMtUVV4eEJIZmh3bXVUaXBpTUVQM012b0FsTlhRdmNDS2NVeE1ydWQwb2c?oc=5"" target=""_blank"">3DP for sustainable built environment – Synthesis and thermomechanical characterization of composite materials based on local soil and date palm fiber waste</a>&nbsp;&nbsp;<font color=""#6f6f6f"">ScienceDirect.com</font>"
"Hempcrete Market Size And Share | Industry Report, 2030 - Grand View Research",https://news.google.com/rss/articles/CBMigAFBVV95cUxPU1cwNTN2UU1wSDBvVGRTSDhnaEFsdHBqS08wOVZ5aXIyMjBZZ3pFd24zcE1GcVpITXZvdzNjaTI0SHAtVnhrN0F6OVVEbWpJUDN0djh1OXJYbzYwS2ItcGZKS3VrOExNaC00cFFRelVsQU02c085T0x1SXZQT1FNSg?oc=5,"Mon, 13 Jan 2025 11:20:41 GMT","<a href=""https://news.google.com/rss/articles/CBMigAFBVV95cUxPU1cwNTN2UU1wSDBvVGRTSDhnaEFsdHBqS08wOVZ5aXIyMjBZZ3pFd24zcE1GcVpITXZvdzNjaTI0SHAtVnhrN0F6OVVEbWpJUDN0djh1OXJYbzYwS2ItcGZKS3VrOExNaC00cFFRelVsQU02c085T0x1SXZQT1FNSg?oc=5"" target=""_blank"">Hempcrete Market Size And Share | Industry Report, 2030</a>&nbsp;&nbsp;<font color=""#6f6f6f"">Grand View Research</font>"
New Study Says Building Materials Could Store More Than 16 Billion Tonnes Of CO2 Annually - Carbon Herald,https://news.google.com/rss/articles/CBMitgFBVV95cUxNUmF6UnUzWUhQSkNSWDB3U3BGNG1FSll2cEpQSURrSXVNYkpTeUMtdENjc1Bia2FLZjFlb0JaZ0Q4RGY1U3ZSaGw0bkNYek5QRndaRUhiODRxNEw4NWQ5dVZMckJZVE5UbkRpVE1WMm5tMHROSTJvd1NFTFlNS2ZPZkFVajAtVGpJZHcwbmRnVkxURW5Ra0luckM2ZmRyNXZRa3JiaDU1WmlVSTJYRk9PVWJINV9qUQ?oc=5,"Tue, 14 Jan 2025 08:00:00 GMT","<a href=""https://news.google.com/rss/articles/CBMitgFBVV95cUxNUmF6UnUzWUhQSkNSWDB3U3BGNG1FSll2cEpQSURrSXVNYkpTeUMtdENjc1Bia2FLZjFlb0JaZ0Q4RGY1U3ZSaGw0bkNYek5QRndaRUhiODRxNEw4NWQ5dVZMckJZVE5UbkRpVE1WMm5tMHROSTJvd1NFTFlNS2ZPZkFVajAtVGpJZHcwbmRnVkxURW5Ra0luckM2ZmRyNXZRa3JiaDU1WmlVSTJYRk9PVWJINV9qUQ?oc=5"" target=""_blank"">New Study Says Building Materials Could Store More Than 16 Billion Tonnes Of CO2 Annually</a>&nbsp;&nbsp;<font color=""#6f6f6f"">Carbon Herald</font>"
Advancing Low-Carbon Building Materials for Construction - Tech Briefs,https://news.google.com/rss/articles/CBMitgFBVV95cUxPODREV0R1cjNjdV92NG5ZSFl6aWl1YmcwSHRZVHl6M3pzc280NWxNOU9Ka0lLaG5Oa0V5MUlFZnAyeDNqbEZIZXE3SGx0aXhJV2ZKWGpuZjYydFpTbG9qQ1dwOG9SeW5CLVpONVV5TGE3eHF1Yzd5bGcyTllOeE83VWt1cFpKVlZxT1YzN0pBZUtPX3dqZE1BRGxzTU5HQlNxUzVoZ2NRcDBMaEVjTjFwc2lUd0VBUQ?oc=5,"Tue, 09 Jul 2024 07:00:00 GMT","<a href=""https://news.google.com/rss/articles/CBMitgFBVV95cUxPODREV0R1cjNjdV92NG5ZSFl6aWl1YmcwSHRZVHl6M3pzc280NWxNOU9Ka0lLaG5Oa0V5MUlFZnAyeDNqbEZIZXE3SGx0aXhJV2ZKWGpuZjYydFpTbG9qQ1dwOG9SeW5CLVpONVV5TGE3eHF1Yzd5bGcyTllOeE83VWt1cFpKVlZxT1YzN0pBZUtPX3dqZE1BRGxzTU5HQlNxUzVoZ2NRcDBMaEVjTjFwc2lUd0VBUQ?oc=5"" target=""_blank"">Advancing Low-Carbon Building Materials for Construction</a>&nbsp;&nbsp;<font color=""#6f6f6f"">Tech Briefs</font>"
The Army tests whether sustainable building materials have lasting value - Federal News Network,https://news.google.com/rss/articles/CBMiuAFBVV95cUxPMG1xMF83YmlKU2M4dFQ2RERaWmtiZS1GcjJQTjNyTktUbURJTzVYSENPYjlqdjBKYlhTVmh4Q21tS1k3WWJtV1psR1dsell6WFBwQUlXU0liTzg2MTRHaWtWX1JWQWtpbWNkdERfYmp3cV94SlFaU2hmTlB0MUptWWJ6VlV3ZzVXcGxOV0YxSk5xZlpUbkFCcUI2WXh3dGRiUFp5VjlRYTUtMXFvRF9xQW1BM015RzRR?oc=5,"Wed, 04 Sep 2024 07:00:00 GMT","<a href=""https://news.google.com/rss/articles/CBMiuAFBVV95cUxPMG1xMF83YmlKU2M4dFQ2RERaWmtiZS1GcjJQTjNyTktUbURJTzVYSENPYjlqdjBKYlhTVmh4Q21tS1k3WWJtV1psR1dsell6WFBwQUlXU0liTzg2MTRHaWtWX1JWQWtpbWNkdERfYmp3cV94SlFaU2hmTlB0MUptWWJ6VlV3ZzVXcGxOV0YxSk5xZlpUbkFCcUI2WXh3dGRiUFp5VjlRYTUtMXFvRF9xQW1BM015RzRR?oc=5"" target=""_blank"">The Army tests whether sustainable building materials have lasting value</a>&nbsp;&nbsp;<font color=""#6f6f6f"">Federal News Network</font>"
"Building Materials Could Store Over 16 Billion Tons of CO2 Annually, Study Finds - AZoBuild",https://news.google.com/rss/articles/CBMiW0FVX3lxTE1jQU5ZSXlkejhKY3V0cWZLZXdRSEVRWTBZLTRPZzFxazhaQmdnTVU0Q1lBZTUzblVpNU5BR2lpaGpHV2NpVFJKWW9ya0tMQVBCUDVNd2dQLUVZTnM?oc=5,"Tue, 21 Jan 2025 08:00:00 GMT","<a href=""https://news.google.com/rss/articles/CBMiW0FVX3lxTE1jQU5ZSXlkejhKY3V0cWZLZXdRSEVRWTBZLTRPZzFxazhaQmdnTVU0Q1lBZTUzblVpNU5BR2lpaGpHV2NpVFJKWW9ya0tMQVBCUDVNd2dQLUVZTnM?oc=5"" target=""_blank"">Building Materials Could Store Over 16 Billion Tons of CO2 Annually, Study Finds</a>&nbsp;&nbsp;<font color=""#6f6f6f"">AZoBuild</font>"
Green Construction Practices Unleash $1.5 Trillion Potential - renewableenergymagazine.com,https://news.google.com/rss/articles/CBMisgFBVV95cUxONHlOR1A0VTFIQ3VvVE5jNlBYejNIM2lCT3Q4cnc1eDZmQTZhaVlaSllOSUc3UENBMV9wS0ttOWs2SkZfOFlzb2ZnelpGS3ZTVE9FNThHUUp2SVRYYzZpR29JRlpqdnZXWFBOcTFRTEF4c1FCZmNpek1QNzhRbjBTY05keGM2NjlKTlJfWWtQa2pFUV9oQnYxSjFYd1FBZ3hWeFEwYk5MVkIyYWdsRUpPbWdn?oc=5,"Fri, 12 Jul 2024 07:00:00 GMT","<a href=""https://news.google.com/rss/articles/CBMisgFBVV95cUxONHlOR1A0VTFIQ3VvVE5jNlBYejNIM2lCT3Q4cnc1eDZmQTZhaVlaSllOSUc3UENBMV9wS0ttOWs2SkZfOFlzb2ZnelpGS3ZTVE9FNThHUUp2SVRYYzZpR29JRlpqdnZXWFBOcTFRTEF4c1FCZmNpek1QNzhRbjBTY05keGM2NjlKTlJfWWtQa2pFUV9oQnYxSjFYd1FBZ3hWeFEwYk5MVkIyYWdsRUpPbWdn?oc=5"" target=""_blank"">Green Construction Practices Unleash $1.5 Trillion Potential</a>&nbsp;&nbsp;<font color=""#6f6f6f"">renewableenergymagazine.com</font>"
18 Innovative construction materials that surprise: Top new trends! - OVACEN,https://news.google.com/rss/articles/CBMiZ0FVX3lxTE5QOWwtejFpZWhidzVyZnM5QzRkbV80VVo5VEF0cW1Cdm5vc0ZXOXJIRFRFeVdkODh0Skd6THVnQ2Vlcmw4bVc1VVVRWXozdVM5SUktRm5feGRVVFpIV1dra1ZMcVJHSWc?oc=5,"Tue, 10 Dec 2024 07:57:23 GMT","<a href=""https://news.google.com/rss/articles/CBMiZ0FVX3lxTE5QOWwtejFpZWhidzVyZnM5QzRkbV80VVo5VEF0cW1Cdm5vc0ZXOXJIRFRFeVdkODh0Skd6THVnQ2Vlcmw4bVc1VVVRWXozdVM5SUktRm5feGRVVFpIV1dra1ZMcVJHSWc?oc=5"" target=""_blank"">18 Innovative construction materials that surprise: Top new trends!</a>&nbsp;&nbsp;<font color=""#6f6f6f"">OVACEN</font>"
New building materials could lock away billions of tons of CO2 - The Brighter Side of News,https://news.google.com/rss/articles/CBMiowFBVV95cUxQOTlBZVB2TDZPX2Zodjh1cVg4VG1uczh1Q0NMbUtzTkZnUUttRHRHTjgyYl82blI3UDc5a3htNVBnSGthZE5aWkxacTg4YWQ1UnNVMk5RNUxqbXAyLXBvVy1NLWFUQmJ2Y0hwNnd2ZEtkNGYxWEoyUklDVkpQLWpSUVpPNnJsbmp6WGc2M2NTb190bXAtZDVMYlkweUpNY0wtbHV3?oc=5,"Mon, 13 Jan 2025 08:00:00 GMT","<a href=""https://news.google.com/rss/articles/CBMiowFBVV95cUxQOTlBZVB2TDZPX2Zodjh1cVg4VG1uczh1Q0NMbUtzTkZnUUttRHRHTjgyYl82blI3UDc5a3htNVBnSGthZE5aWkxacTg4YWQ1UnNVMk5RNUxqbXAyLXBvVy1NLWFUQmJ2Y0hwNnd2ZEtkNGYxWEoyUklDVkpQLWpSUVpPNnJsbmp6WGc2M2NTb190bXAtZDVMYlkweUpNY0wtbHV3?oc=5"" target=""_blank"">New building materials could lock away billions of tons of CO2</a>&nbsp;&nbsp;<font color=""#6f6f6f"">The Brighter Side of News</font>"
Sustainable architecture: 46 innovative and inspiring building designs - wallpaper.com,https://news.google.com/rss/articles/CBMif0FVX3lxTE5wakUxSjdITm1GZks4WERGMld5U0I5VFIxb284V1hPNXBxX3hURGZmZjhKVVVEQThsZXhldXk5U2hJdHRGVTRpZjZiX1IxX05rUlVNZHMzZkp1ZXJYa2tHQ1FQZ1ROcElseHhyYXhZTXdKU3RJWVV2dUxiSWpxVzg?oc=5,"Fri, 10 Jan 2025 08:00:00 GMT","<a href=""https://news.google.com/rss/articles/CBMif0FVX3lxTE5wakUxSjdITm1GZks4WERGMld5U0I5VFIxb284V1hPNXBxX3hURGZmZjhKVVVEQThsZXhldXk5U2hJdHRGVTRpZjZiX1IxX05rUlVNZHMzZkp1ZXJYa2tHQ1FQZ1ROcElseHhyYXhZTXdKU3RJWVV2dUxiSWpxVzg?oc=5"" target=""_blank"">Sustainable architecture: 46 innovative and inspiring building designs</a>&nbsp;&nbsp;<font color=""#6f6f6f"">wallpaper.com</font>"
(PDF) Sustainable Construction Practices: Incorporating Green Materials and Technologies in Civil Engineering Projects - ResearchGate,https://news.google.com/rss/articles/CBMi9AFBVV95cUxQZnR4dEdMLXFQZklpaXdXbzNNWFhvTV9zWkN6V19OdEtlT2RNQnlUZmV6ODl5ZS1nU25vcURVaDJDbjBqd0ZzLTAxSXBvV3R0S2RDMUFXazlSM296dHdtdTJ6OVBxSVZkUkZrZFUyTkJsQkU3X3lGQ0ZJSndUODVLTnI1M0FhcFVENHpuMkJJVzNwQ3dkS2NtczZuMUY3RTF0VXRlWWJYak5od09pUDR0STAyc0pUc2tIZHBBek8xM0lhVG5wY3FKMTR5MEI2SjM2ZVdYMUVCNGNNNU5HNG5NYTRtcE9Ya29tOTl0SkhYX2M2YnFz?oc=5,"Mon, 16 Dec 2024 08:00:00 GMT","<a href=""https://news.google.com/rss/articles/CBMi9AFBVV95cUxQZnR4dEdMLXFQZklpaXdXbzNNWFhvTV9zWkN6V19OdEtlT2RNQnlUZmV6ODl5ZS1nU25vcURVaDJDbjBqd0ZzLTAxSXBvV3R0S2RDMUFXazlSM296dHdtdTJ6OVBxSVZkUkZrZFUyTkJsQkU3X3lGQ0ZJSndUODVLTnI1M0FhcFVENHpuMkJJVzNwQ3dkS2NtczZuMUY3RTF0VXRlWWJYak5od09pUDR0STAyc0pUc2tIZHBBek8xM0lhVG5wY3FKMTR5MEI2SjM2ZVdYMUVCNGNNNU5HNG5NYTRtcE9Ya29tOTl0SkhYX2M2YnFz?oc=5"" target=""_blank"">(PDF) Sustainable Construction Practices: Incorporating Green Materials and Technologies in Civil Engineering Projects</a>&nbsp;&nbsp;<font color=""#6f6f6f"">ResearchGate</font>"
"Innovating for the future: USACE uses sustainable building materials for JBLM barracks, enhances Army’s climate resiliency goals - DVIDS",https://news.google.com/rss/articles/CBMi5AFBVV95cUxOX2UwU2lqOUxlQzJRSmRpRlJnazI1MkNQQUstUHhxZmFrSWUwWjdiSlBnMlphM3ZvemgwU19WbGxxSjBMajZjV2VtOEwzNHFLQTZpWmxqb1REQVNlc3ZRNmt1VWI2UDBFMldHb3laaGxRbEFoUXd4YnoyblRQcDkwaEpsQTM1ZHc2VC1WOEw1M1FrLXVUUmlpTHFEZ1VfYjBtd0M1T1Z3bWZOWU5hS0FvQzMteW9yT2tpSnQ1MkVmbG5lQXJDNUZuYjBVckszVmxzZTd5VVltMGlud3AxU1NVaUtlUHI?oc=5,"Fri, 16 Aug 2024 07:00:00 GMT","<a href=""https://news.google.com/rss/articles/CBMi5AFBVV95cUxOX2UwU2lqOUxlQzJRSmRpRlJnazI1MkNQQUstUHhxZmFrSWUwWjdiSlBnMlphM3ZvemgwU19WbGxxSjBMajZjV2VtOEwzNHFLQTZpWmxqb1REQVNlc3ZRNmt1VWI2UDBFMldHb3laaGxRbEFoUXd4YnoyblRQcDkwaEpsQTM1ZHc2VC1WOEw1M1FrLXVUUmlpTHFEZ1VfYjBtd0M1T1Z3bWZOWU5hS0FvQzMteW9yT2tpSnQ1MkVmbG5lQXJDNUZuYjBVckszVmxzZTd5VVltMGlud3AxU1NVaUtlUHI?oc=5"" target=""_blank"">Innovating for the future: USACE uses sustainable building materials for JBLM barracks, enhances Army’s climate resiliency goals</a>&nbsp;&nbsp;<font color=""#6f6f6f"">DVIDS</font>"
Latest Developments in Sustainable Building Insulation Materials - AZoCleantech,https://news.google.com/rss/articles/CBMiZ0FVX3lxTE11OEliQVdya3dJbDhDSE96RlNxb1pkVlQxOXMxaWxRVHk2am05cE5CeE1xbG5qODlaNnhMYkpzck9zMW5MY2NGYmZwUXZ3a1BmVmlBRTVtUXRwUEtxU1ZQRTlSNUZaYTQ?oc=5,"Tue, 12 Nov 2024 08:00:00 GMT","<a href=""https://news.google.com/rss/articles/CBMiZ0FVX3lxTE11OEliQVdya3dJbDhDSE96RlNxb1pkVlQxOXMxaWxRVHk2am05cE5CeE1xbG5qODlaNnhMYkpzck9zMW5MY2NGYmZwUXZ3a1BmVmlBRTVtUXRwUEtxU1ZQRTlSNUZaYTQ?oc=5"" target=""_blank"">Latest Developments in Sustainable Building Insulation Materials</a>&nbsp;&nbsp;<font color=""#6f6f6f"">AZoCleantech</font>"
Global Magnesium Chloride Industry Boosted by Sustainable - GlobeNewswire,https://news.google.com/rss/articles/CBMizwJBVV95cUxOZmNpelhxVTZITzVqZXJfOTBtUGxkSmd4UnpwODNBUndXMjYwdDk4elFFZ3VaNUMtWWQ1YmhnSVV3RWZmMTEwbTVUd0JRWkw2ZFlid2JRalJ2b2JqWU1hYVg5UVIxY3dPTTNDaVprLWJSLXVoSWpaN0xQTjJrSVlQSjVrU0lGa2p5dUF2ZkMzU3dNWlBsLTdxNVlMRnI1VlA5b1FLSnJwaUc5ZTNWdTU1VXRBNE5GRnNIV3VUdHVwc0lyVVVRTElrZUtYb1p2TVNHSVFrR1ZvczN4VnBqN21zaDZ5NXdBUGpCQ0FKZnBaVDN1MTVmb0dMRzR1Vkx4WGN3eVBaY3dzYnk0RzFuOVBWU3Z4NWRhVFJSSGJFMnNzbmczWVZnNE5tanl2YjNRZXNxeksyUzA5c2wwZThCX29Pc1dncl8zUUhJOTZ0dkRWZw?oc=5,"Mon, 13 Jan 2025 08:00:00 GMT","<a href=""https://news.google.com/rss/articles/CBMizwJBVV95cUxOZmNpelhxVTZITzVqZXJfOTBtUGxkSmd4UnpwODNBUndXMjYwdDk4elFFZ3VaNUMtWWQ1YmhnSVV3RWZmMTEwbTVUd0JRWkw2ZFlid2JRalJ2b2JqWU1hYVg5UVIxY3dPTTNDaVprLWJSLXVoSWpaN0xQTjJrSVlQSjVrU0lGa2p5dUF2ZkMzU3dNWlBsLTdxNVlMRnI1VlA5b1FLSnJwaUc5ZTNWdTU1VXRBNE5GRnNIV3VUdHVwc0lyVVVRTElrZUtYb1p2TVNHSVFrR1ZvczN4VnBqN21zaDZ5NXdBUGpCQ0FKZnBaVDN1MTVmb0dMRzR1Vkx4WGN3eVBaY3dzYnk0RzFuOVBWU3Z4NWRhVFJSSGJFMnNzbmczWVZnNE5tanl2YjNRZXNxeksyUzA5c2wwZThCX29Pc1dncl8zUUhJOTZ0dkRWZw?oc=5"" target=""_blank"">Global Magnesium Chloride Industry Boosted by Sustainable</a>&nbsp;&nbsp;<font color=""#6f6f6f"">GlobeNewswire</font>"
From waste to wonder: Green grout developed for sustainable construction practices - Tech Xplore,https://news.google.com/rss/articles/CBMickFVX3lxTE02RUx2eEY2NHZuZ2xBQTV6RThlVmlyblhtOWdiaVluSDFDRmx2c3JKMlprT0d2Zk8xMm9CenNpeWtmbWFidWFTS2E5LXZPRE1iaXVGTTY4cGVCWkg3dE9ZLUMzbWlaVVc1SnlkSGhnakc3Zw?oc=5,"Tue, 25 Feb 2025 08:00:00 GMT","<a href=""https://news.google.com/rss/articles/CBMickFVX3lxTE02RUx2eEY2NHZuZ2xBQTV6RThlVmlyblhtOWdiaVluSDFDRmx2c3JKMlprT0d2Zk8xMm9CenNpeWtmbWFidWFTS2E5LXZPRE1iaXVGTTY4cGVCWkg3dE9ZLUMzbWlaVVc1SnlkSGhnakc3Zw?oc=5"" target=""_blank"">From waste to wonder: Green grout developed for sustainable construction practices</a>&nbsp;&nbsp;<font color=""#6f6f6f"">Tech Xplore</font>"
This ancient building material is making a comeback - Fast Company,https://news.google.com/rss/articles/CBMieEFVX3lxTFBYQWVmRWEzSnJ6V0RBdlBIWFdrSk5EVWJNcTRLUFpuSTFxRnRPdWRpYk56Zzh0YzlpUXhZcVFLV2JwWTZ4VTlfM0VDZm1OeHVkM2xsclQtMzMxZmNhM1ZQUUhsTFRwZXphNDg1TnkyT3RqQlQtV0NKOA?oc=5,"Thu, 05 Dec 2024 08:00:00 GMT","<a href=""https://news.google.com/rss/articles/CBMieEFVX3lxTFBYQWVmRWEzSnJ6V0RBdlBIWFdrSk5EVWJNcTRLUFpuSTFxRnRPdWRpYk56Zzh0YzlpUXhZcVFLV2JwWTZ4VTlfM0VDZm1OeHVkM2xsclQtMzMxZmNhM1ZQUUhsTFRwZXphNDg1TnkyT3RqQlQtV0NKOA?oc=5"" target=""_blank"">This ancient building material is making a comeback</a>&nbsp;&nbsp;<font color=""#6f6f6f"">Fast Company</font>"
These Taiwanese Companies Are Turning Waste Into Building Materials - Time Magazine,https://news.google.com/rss/articles/CBMiYEFVX3lxTE9SWUNwZHVBZ2RPYTZKLV9RQ0RqbVVGVFRqRkNyQm04TkxNR0ZsdFRScE5qQ3Flb0F4dFNmTURIbS1iSkNJYUZzbndfa0lTaWZqMFMwZHRSWWxWQUl1UE1kMg?oc=5,"Mon, 04 Nov 2024 08:00:00 GMT","<a href=""https://news.google.com/rss/articles/CBMiYEFVX3lxTE9SWUNwZHVBZ2RPYTZKLV9RQ0RqbVVGVFRqRkNyQm04TkxNR0ZsdFRScE5qQ3Flb0F4dFNmTURIbS1iSkNJYUZzbndfa0lTaWZqMFMwZHRSWWxWQUl1UE1kMg?oc=5"" target=""_blank"">These Taiwanese Companies Are Turning Waste Into Building Materials</a>&nbsp;&nbsp;<font color=""#6f6f6f"">Time Magazine</font>"
The Role of Sustainability in Construction - AZoBuild,https://news.google.com/rss/articles/CBMiYkFVX3lxTFBiRTl2cXlrVGdsU1FPdTRoVXk5WEdycGhKRkNrMEN0Rmo3aUo2YkIxQy02NmU4d3BvTURYUFRuR05UVWlhR1BuYzd4WXFMLVhyR2lINXFQeFJQV0Q3QVNFbVpR?oc=5,"Thu, 22 Aug 2024 07:00:00 GMT","<a href=""https://news.google.com/rss/articles/CBMiYkFVX3lxTFBiRTl2cXlrVGdsU1FPdTRoVXk5WEdycGhKRkNrMEN0Rmo3aUo2YkIxQy02NmU4d3BvTURYUFRuR05UVWlhR1BuYzd4WXFMLVhyR2lINXFQeFJQV0Q3QVNFbVpR?oc=5"" target=""_blank"">The Role of Sustainability in Construction</a>&nbsp;&nbsp;<font color=""#6f6f6f"">AZoBuild</font>"
From waste to wonder: Revolutionary green grout for sustainable construction practices - PreventionWeb.net,https://news.google.com/rss/articles/CBMirAFBVV95cUxNRG1PcjM0QjdNcndaX1k1WWd1T2ctY3dZdC1JendzZ202N3ZBUGdWb2ZQZ1dGcmxPdE04QURPd0VMeWxHdjhYWEcxMDRsSVRFY0JmRWZoYnVkQ1J3dEJIN0RTbHpsY04wUzRKRFVxQlpDV0VuT3dnZUdzbElqQmlnTVJteG1kVWdnUU45elNzeExOT0ZQV0s1d2ExS3ZncThrX0tnWW95N0luc1ZH?oc=5,"Tue, 25 Feb 2025 08:00:00 GMT","<a href=""https://news.google.com/rss/articles/CBMirAFBVV95cUxNRG1PcjM0QjdNcndaX1k1WWd1T2ctY3dZdC1JendzZ202N3ZBUGdWb2ZQZ1dGcmxPdE04QURPd0VMeWxHdjhYWEcxMDRsSVRFY0JmRWZoYnVkQ1J3dEJIN0RTbHpsY04wUzRKRFVxQlpDV0VuT3dnZUdzbElqQmlnTVJteG1kVWdnUU45elNzeExOT0ZQV0s1d2ExS3ZncThrX0tnWW95N0luc1ZH?oc=5"" target=""_blank"">From waste to wonder: Revolutionary green grout for sustainable construction practices</a>&nbsp;&nbsp;<font color=""#6f6f6f"">PreventionWeb.net</font>"
Evaluating Sustainable Construction Practices in the UAE - AZoBuild,https://news.google.com/rss/articles/CBMiW0FVX3lxTE5uNFVXWlhsa2FwaDVEWGZmSlhIUDZBaVVYdHhMZmd1cjJISC1meEFLaUVsZE9Edzl1cGxlaDV1dVJVT1Bob3VkWUlsS1Y0ZVJwc3BNdjV0bmdQOWs?oc=5,"Wed, 07 Aug 2024 07:00:00 GMT","<a href=""https://news.google.com/rss/articles/CBMiW0FVX3lxTE5uNFVXWlhsa2FwaDVEWGZmSlhIUDZBaVVYdHhMZmd1cjJISC1meEFLaUVsZE9Edzl1cGxlaDV1dVJVT1Bob3VkWUlsS1Y0ZVJwc3BNdjV0bmdQOWs?oc=5"" target=""_blank"">Evaluating Sustainable Construction Practices in the UAE</a>&nbsp;&nbsp;<font color=""#6f6f6f"">AZoBuild</font>"
"Los Angeles wildfires spark interest in adobe, natural building materials - Reuters",https://news.google.com/rss/articles/CBMitAFBVV95cUxQWkRZNktXcEZlaHJrT3lyazhodE9sMENsbnp5VzNHeGFfWGpEU3BNMXN4Q2FSRVlkZ3BweUdORnBoc2Y0bnNkalpzUk5zS2w5YXVScHBKVVpWRTJYdlc2WlhuNXVqcXhjbEgyckFjcmxYelY0MFFELUpKbWJtTFdxem1iSHNxU3lPVFJLZGJMYm5NRkpNQi1PUFpMUDM5ZGpQT1VUcERqYUtMX2prdU5PVUFoSHE?oc=5,"Wed, 22 Jan 2025 08:00:00 GMT","<a href=""https://news.google.com/rss/articles/CBMitAFBVV95cUxQWkRZNktXcEZlaHJrT3lyazhodE9sMENsbnp5VzNHeGFfWGpEU3BNMXN4Q2FSRVlkZ3BweUdORnBoc2Y0bnNkalpzUk5zS2w5YXVScHBKVVpWRTJYdlc2WlhuNXVqcXhjbEgyckFjcmxYelY0MFFELUpKbWJtTFdxem1iSHNxU3lPVFJLZGJMYm5NRkpNQi1PUFpMUDM5ZGpQT1VUcERqYUtMX2prdU5PVUFoSHE?oc=5"" target=""_blank"">Los Angeles wildfires spark interest in adobe, natural building materials</a>&nbsp;&nbsp;<font color=""#6f6f6f"">Reuters</font>"
Digital Builder Ep 94: Exploring Bamboo and Eucalyptus’s Growing Impact in Construction - Autodesk,https://news.google.com/rss/articles/CBMiygFBVV95cUxNcU1LcFVXWGVKZ3RhaW01bkV4eXRxM1cyZDJlbEMyWWlvVjJKZWctSUlTcUZmeXI4NXR0V1JXSWlndlNoRmtORHNOZWdXbjdqQzk5UnlHS185MU9MMzRFLTRzQkQzdGQwZFg1eXVFcHk2WGRuZUZwVUxOV2RZTUg5LXVsRTBnUkRVREFZZkQxQkRGd2RrV052X0d5bkRiT0pDNFB0ZkNfdVZreWg3dmlRMXN4RlpabG4xMHF2MWlTMzNtcmd4R2tWdnZB?oc=5,"Tue, 20 Aug 2024 07:00:00 GMT","<a href=""https://news.google.com/rss/articles/CBMiygFBVV95cUxNcU1LcFVXWGVKZ3RhaW01bkV4eXRxM1cyZDJlbEMyWWlvVjJKZWctSUlTcUZmeXI4NXR0V1JXSWlndlNoRmtORHNOZWdXbjdqQzk5UnlHS185MU9MMzRFLTRzQkQzdGQwZFg1eXVFcHk2WGRuZUZwVUxOV2RZTUg5LXVsRTBnUkRVREFZZkQxQkRGd2RrV052X0d5bkRiT0pDNFB0ZkNfdVZreWg3dmlRMXN4RlpabG4xMHF2MWlTMzNtcmd4R2tWdnZB?oc=5"" target=""_blank"">Digital Builder Ep 94: Exploring Bamboo and Eucalyptus’s Growing Impact in Construction</a>&nbsp;&nbsp;<font color=""#6f6f6f"">Autodesk</font>"
"Key decision factors of professional stakeholders (architects, engineers, constructors) when deciding for sustainable construction - Frontiers",https://news.google.com/rss/articles/CBMimwFBVV95cUxQeVhxM05rekhPajhUQ3kzWEFBeFJxWjlHZHVZcHc4Mkl4N2xkTk9mX2tiOFRYd3lTTll0UHNYVFZZMGFEUlBrbGFKX3pwdTVNMFVGelBzVWJhV280S1RiTTBUU3o4dnh1V3M2NjIxd2FtTGhHZ1B0YmtmREdhQTY1MVJZa1Y1cnNlRFRPMW5BNVhiR3dhZm9HLTZUMA?oc=5,"Mon, 01 Jul 2024 07:00:00 GMT","<a href=""https://news.google.com/rss/articles/CBMimwFBVV95cUxQeVhxM05rekhPajhUQ3kzWEFBeFJxWjlHZHVZcHc4Mkl4N2xkTk9mX2tiOFRYd3lTTll0UHNYVFZZMGFEUlBrbGFKX3pwdTVNMFVGelBzVWJhV280S1RiTTBUU3o4dnh1V3M2NjIxd2FtTGhHZ1B0YmtmREdhQTY1MVJZa1Y1cnNlRFRPMW5BNVhiR3dhZm9HLTZUMA?oc=5"" target=""_blank"">Key decision factors of professional stakeholders (architects, engineers, constructors) when deciding for sustainable construction</a>&nbsp;&nbsp;<font color=""#6f6f6f"">Frontiers</font>"
From dilemma to breakthrough: fuzzy-set qualitative comparative analysis of green development behavior pathways in construction materials enterprises - Nature,https://news.google.com/rss/articles/CBMiX0FVX3lxTE5mcHZFcmcxMUxNYm1MVkM3TC1vTWkzWWpsSDBjSkl3NzZub2ZzUjktOEZUUzU0WGpRRXQ1ay1oV2JWRUI1eXVoZUVzOGFEaGdnVHQwZE91WC1TVHBIVy1F?oc=5,"Thu, 13 Feb 2025 08:00:00 GMT","<a href=""https://news.google.com/rss/articles/CBMiX0FVX3lxTE5mcHZFcmcxMUxNYm1MVkM3TC1vTWkzWWpsSDBjSkl3NzZub2ZzUjktOEZUUzU0WGpRRXQ1ay1oV2JWRUI1eXVoZUVzOGFEaGdnVHQwZE91WC1TVHBIVy1F?oc=5"" target=""_blank"">From dilemma to breakthrough: fuzzy-set qualitative comparative analysis of green development behavior pathways in construction materials enterprises</a>&nbsp;&nbsp;<font color=""#6f6f6f"">Nature</font>"
Why a sustainable material changing the game in Europe hasn’t landed in the U.S. market - The Architect’s Newspaper,https://news.google.com/rss/articles/CBMivAFBVV95cUxOQ0NVcWNJckN3ck5tbXQtZTVHZThTVVJhdlVGcHAxdmg3NkVBdmRtQUtEZUtpczJyQk9xN1FDSVhzTzg4eDI5RmVXZE1QMXkyRFA4eGRxOTFKQ0ROTGI0V0JKYlhCam1XSFQzeU9leXk2UUMtMzhrOTFrNWwtaGl5ZjVZcWZpWTVVOGN4YkZPRkprNGwxcmxBdS1tMk9OTXlUVjNuemx5WnJVbUtJRFpSVTFDVTBPSUxBWHJLUQ?oc=5,"Thu, 30 May 2024 07:00:00 GMT","<a href=""https://news.google.com/rss/articles/CBMivAFBVV95cUxOQ0NVcWNJckN3ck5tbXQtZTVHZThTVVJhdlVGcHAxdmg3NkVBdmRtQUtEZUtpczJyQk9xN1FDSVhzTzg4eDI5RmVXZE1QMXkyRFA4eGRxOTFKQ0ROTGI0V0JKYlhCam1XSFQzeU9leXk2UUMtMzhrOTFrNWwtaGl5ZjVZcWZpWTVVOGN4YkZPRkprNGwxcmxBdS1tMk9OTXlUVjNuemx5WnJVbUtJRFpSVTFDVTBPSUxBWHJLUQ?oc=5"" target=""_blank"">Why a sustainable material changing the game in Europe hasn’t landed in the U.S. market</a>&nbsp;&nbsp;<font color=""#6f6f6f"">The Architect’s Newspaper</font>"
ORNL Innovative 3D Printed Part Aims to Replace Steel in Sustainable Construction - 3D Printing Industry,https://news.google.com/rss/articles/CBMiwwFBVV95cUxOWVg1NFdZZ3dEenBWT2pDTWlLSHFfR21ud2pxLTlqSldXRjNqS20yU0FLUnAxenpSc3VHT2pZc2VZLWljTmdnSVl5TnJZV0V5bi1GRnk3cjNZU2xPa3NDQk5FLW5hQ0FrOE5fYVRIT1h5UkxidmJ0MFFmLVQ4OVYxZ0N0UDFOSkxHUmNlOTc4bDR2VjZBRW5PWXFoaG4xSkNBdURxcFNjVDd5M0VEeHAzTzNfYzlINm8takZNclE0aE42ZXc?oc=5,"Thu, 30 Jan 2025 08:00:00 GMT","<a href=""https://news.google.com/rss/articles/CBMiwwFBVV95cUxOWVg1NFdZZ3dEenBWT2pDTWlLSHFfR21ud2pxLTlqSldXRjNqS20yU0FLUnAxenpSc3VHT2pZc2VZLWljTmdnSVl5TnJZV0V5bi1GRnk3cjNZU2xPa3NDQk5FLW5hQ0FrOE5fYVRIT1h5UkxidmJ0MFFmLVQ4OVYxZ0N0UDFOSkxHUmNlOTc4bDR2VjZBRW5PWXFoaG4xSkNBdURxcFNjVDd5M0VEeHAzTzNfYzlINm8takZNclE0aE42ZXc?oc=5"" target=""_blank"">ORNL Innovative 3D Printed Part Aims to Replace Steel in Sustainable Construction</a>&nbsp;&nbsp;<font color=""#6f6f6f"">3D Printing Industry</font>"
Microsoft builds first datacenters with wood to slash carbon emissions - Source - Microsoft,https://news.google.com/rss/articles/CBMiyAFBVV95cUxPOU9EMDJ1dUl6V2JJNHRHNnJHczNCMVpVM194SkVyQ2JQSjU5bDI5VWlhNlIyQlV2Ym1qU3BCZ09zWTlzX1IwTnhTdGd6ZVc2VFJOYXhRaDBzQzhtY3JFRGdPcmRiMWR1ajNUbmoxRklKaTN5WFRKU2wxOVFBRV92bk9VWEpRTHpUY0Q1OXFRcm51N0hKQ1oyaGc1Qkh2amRZbnRlSHdsb0RpLXNfNWxyZ01wekVjMEtVMXlSVHdlcW1iS3ZIZVd6RQ?oc=5,"Thu, 31 Oct 2024 07:00:00 GMT","<a href=""https://news.google.com/rss/articles/CBMiyAFBVV95cUxPOU9EMDJ1dUl6V2JJNHRHNnJHczNCMVpVM194SkVyQ2JQSjU5bDI5VWlhNlIyQlV2Ym1qU3BCZ09zWTlzX1IwTnhTdGd6ZVc2VFJOYXhRaDBzQzhtY3JFRGdPcmRiMWR1ajNUbmoxRklKaTN5WFRKU2wxOVFBRV92bk9VWEpRTHpUY0Q1OXFRcm51N0hKQ1oyaGc1Qkh2amRZbnRlSHdsb0RpLXNfNWxyZ01wekVjMEtVMXlSVHdlcW1iS3ZIZVd6RQ?oc=5"" target=""_blank"">Microsoft builds first datacenters with wood to slash carbon emissions - Source</a>&nbsp;&nbsp;<font color=""#6f6f6f"">Microsoft</font>"
Evaluating chemical properties and sustainable recycling of waste foundry sand in construction materials - Frontiers,https://news.google.com/rss/articles/CBMimwFBVV95cUxQWnFJQTJHNXBsenZBS1NCNVFMMDNfaGlOalhvTVdkSGwwTjd2dEZUU3dwdnF0TGtYSzlib0dmYUFwOFBrWGtBMGJwSzFRajNvaC01c0wwSmJkN1JnXzNOUDJjNWp3dmdXOVdDNFNqRzA3ci0tZndrOGFBNWhoVTd6V1RRNjZBQ0xmWTF6UWR0bnN4NVYtb0tZY2NzVQ?oc=5,"Thu, 15 Aug 2024 07:00:00 GMT","<a href=""https://news.google.com/rss/articles/CBMimwFBVV95cUxQWnFJQTJHNXBsenZBS1NCNVFMMDNfaGlOalhvTVdkSGwwTjd2dEZUU3dwdnF0TGtYSzlib0dmYUFwOFBrWGtBMGJwSzFRajNvaC01c0wwSmJkN1JnXzNOUDJjNWp3dmdXOVdDNFNqRzA3ci0tZndrOGFBNWhoVTd6V1RRNjZBQ0xmWTF6UWR0bnN4NVYtb0tZY2NzVQ?oc=5"" target=""_blank"">Evaluating chemical properties and sustainable recycling of waste foundry sand in construction materials</a>&nbsp;&nbsp;<font color=""#6f6f6f"">Frontiers</font>"
"Green Building Materials Market size is set to grow by USD 363 billion from 2024-2028, Rising need for energy-efficient green buildings to boost the market growth, Technavio - PR Newswire",https://news.google.com/rss/articles/CBMiywJBVV95cUxPVXpqZ1dUVkg0d0o5Um5rRTlSbjc2N2J3bWVieHZ2ck5aUU1BRlZSZUxFV20wSzhsR2NaMWZhTER1RTlMeExwYXVXUldJbUpZUG5HX2ZzcDNKWkRwd3hzSEFrcEN3ZHRtZGhUUVhOcFAtcy1qQkl2M2JiT09QXzJOVGpNa2JHZ1JJSmtVTXNjdmIxdnQtTTJ6ZHNFc3FZcmROc3dlWC13VW5vY3BodTdMMG9Tc0hNQTBhaEdaT0o4bXAxckVRcHRoR1RETmdzYUJYSGNFbXYteUh2WC1PTmc5MUxMYU5YRTBhaWFKMUFaams2bTJaa2pBcDY4SXRnMGFDSDF4OFc0UURaTlBPRXhjZUNqYThZV1NTeUxqM0xNd3BmaExSc19HU3hFalhDcVMyN1pMZ0pEeTdFOEdSYW5BQ3NwbU03d0hQZ2Zr?oc=5,"Tue, 02 Jul 2024 07:00:00 GMT","<a href=""https://news.google.com/rss/articles/CBMiywJBVV95cUxPVXpqZ1dUVkg0d0o5Um5rRTlSbjc2N2J3bWVieHZ2ck5aUU1BRlZSZUxFV20wSzhsR2NaMWZhTER1RTlMeExwYXVXUldJbUpZUG5HX2ZzcDNKWkRwd3hzSEFrcEN3ZHRtZGhUUVhOcFAtcy1qQkl2M2JiT09QXzJOVGpNa2JHZ1JJSmtVTXNjdmIxdnQtTTJ6ZHNFc3FZcmROc3dlWC13VW5vY3BodTdMMG9Tc0hNQTBhaEdaT0o4bXAxckVRcHRoR1RETmdzYUJYSGNFbXYteUh2WC1PTmc5MUxMYU5YRTBhaWFKMUFaams2bTJaa2pBcDY4SXRnMGFDSDF4OFc0UURaTlBPRXhjZUNqYThZV1NTeUxqM0xNd3BmaExSc19HU3hFalhDcVMyN1pMZ0pEeTdFOEdSYW5BQ3NwbU03d0hQZ2Zr?oc=5"" target=""_blank"">Green Building Materials Market size is set to grow by USD 363 billion from 2024-2028, Rising need for energy-efficient green buildings to boost the market growth, Technavio</a>&nbsp;&nbsp;<font color=""#6f6f6f"">PR Newswire</font>"
The role of sustainable energy in construction - Innovation News Network,https://news.google.com/rss/articles/CBMilgFBVV95cUxOOWk5UFV6Vm5jYWVlUGtIVEFGYUxma3pva3lLcFFuYmNKSTBGUGFDcFNlSE1jRjYtdGVFSWRMYnhMZU1vcEp0YVJucHA3RHJwTm5GNVdnQU05bDFqWFNFeUxWd3p2Q0NMQkg3MHg0Z0tmb0dwRGlGb0lXdmRXQ3FjY0l5UDFjVWE5Z2k3bG9takdNWkhIa3c?oc=5,"Mon, 18 Nov 2024 08:00:00 GMT","<a href=""https://news.google.com/rss/articles/CBMilgFBVV95cUxOOWk5UFV6Vm5jYWVlUGtIVEFGYUxma3pva3lLcFFuYmNKSTBGUGFDcFNlSE1jRjYtdGVFSWRMYnhMZU1vcEp0YVJucHA3RHJwTm5GNVdnQU05bDFqWFNFeUxWd3p2Q0NMQkg3MHg0Z0tmb0dwRGlGb0lXdmRXQ3FjY0l5UDFjVWE5Z2k3bG9takdNWkhIa3c?oc=5"" target=""_blank"">The role of sustainable energy in construction</a>&nbsp;&nbsp;<font color=""#6f6f6f"">Innovation News Network</font>"
Building Zambian homes with local materials delivers benefits that imports don’t: study - The Conversation,https://news.google.com/rss/articles/CBMivAFBVV95cUxNZTFhdE5NT3ZNN1JXYlhYdGVPMmQxOXZZcHlJSVdnNWR4Y3JWTHpnLTBhVHQzMXViOHJadmlIYVQxVm0zM0tZMWlqdDk1dHhYbkdZNHZZYkFMUTN5Z2tfX3B4eUN3OE9qRUR5a0ZRYmozRGR1a2phVk9CazdQVU4tdV83U29yaHowWVhCWVJVZUdQWG54ejZ5Y1lwUUF3VHNjclpFU1FScG1PLUFtcjA4VDdqUTMxUHRjRU5IQw?oc=5,"Sun, 09 Feb 2025 08:00:00 GMT","<a href=""https://news.google.com/rss/articles/CBMivAFBVV95cUxNZTFhdE5NT3ZNN1JXYlhYdGVPMmQxOXZZcHlJSVdnNWR4Y3JWTHpnLTBhVHQzMXViOHJadmlIYVQxVm0zM0tZMWlqdDk1dHhYbkdZNHZZYkFMUTN5Z2tfX3B4eUN3OE9qRUR5a0ZRYmozRGR1a2phVk9CazdQVU4tdV83U29yaHowWVhCWVJVZUdQWG54ejZ5Y1lwUUF3VHNjclpFU1FScG1PLUFtcjA4VDdqUTMxUHRjRU5IQw?oc=5"" target=""_blank"">Building Zambian homes with local materials delivers benefits that imports don’t: study</a>&nbsp;&nbsp;<font color=""#6f6f6f"">The Conversation</font>"
"Top 10 innovative construction materials shaping the future of building - Planning, Building & Construction Today",https://news.google.com/rss/articles/CBMi1AFBVV95cUxOSzNRUDMzLUpPUjRpd1VoLWZpRE9xaHRBRnU5dXlad0o2NWk3UkxRRWZJYkhJSnRsbDE5R0w4bEVYdW9iZXpORUdHYUdVbmRudXFsaXRidE9aTlNCYTU0UElWZnlFWnlqT3B0RjlDRTllZUdFaXhYTkttN3JFM1JwbmVfMUtpSXR0eWRicmMxNmV2YjZiWjFQM3YzS2VMMllsTFFFMldsRWtMRHFUTkpfUklRWDhtLTJJcGMzVHEydHdSV0F1NmQ0LUtUWU9BRXY1ZXoydA?oc=5,"Mon, 06 Jan 2025 08:00:00 GMT","<a href=""https://news.google.com/rss/articles/CBMi1AFBVV95cUxOSzNRUDMzLUpPUjRpd1VoLWZpRE9xaHRBRnU5dXlad0o2NWk3UkxRRWZJYkhJSnRsbDE5R0w4bEVYdW9iZXpORUdHYUdVbmRudXFsaXRidE9aTlNCYTU0UElWZnlFWnlqT3B0RjlDRTllZUdFaXhYTkttN3JFM1JwbmVfMUtpSXR0eWRicmMxNmV2YjZiWjFQM3YzS2VMMllsTFFFMldsRWtMRHFUTkpfUklRWDhtLTJJcGMzVHEydHdSV0F1NmQ0LUtUWU9BRXY1ZXoydA?oc=5"" target=""_blank"">Top 10 innovative construction materials shaping the future of building</a>&nbsp;&nbsp;<font color=""#6f6f6f"">Planning, Building & Construction Today</font>"
Cementing a Sustainable Future: Raw Materials Risk Management in the Construction Materials Industry - Sustainalytics,https://news.google.com/rss/articles/CBMiggJBVV95cUxQdzlmY1FXcjlNX09tWDRzd2JTNjBGQUJrMnpKb0M3cnhiNldBZmtSdVc4bGtiaU5pb3JFV1pzUWJVb09EVl9NZlNqak1Od3JsSDFIZmlzM0lSalRGTmpTSkpRQnRrMzZ4M3VhVG5YN2ExY243Ti1Sc0VDTURHTVAtX3o1c1JNNm1aaHJMQkI3RHNMSWdhWW16N3AtX3JmYi1zcExXa3Y1b19PeXlJQ015RnBlVlNscTJYQVdTRVA1YlJfcVNoLTJTWWpQVDAzN0ZfcTdWVnZfMVlDcFR4ZXRUV1E1aTNFeHRqSmJqUV9HUmtfaXloZWtyVkUxMjhfa1NJU2c?oc=5,"Wed, 17 Jul 2024 07:00:00 GMT","<a href=""https://news.google.com/rss/articles/CBMiggJBVV95cUxQdzlmY1FXcjlNX09tWDRzd2JTNjBGQUJrMnpKb0M3cnhiNldBZmtSdVc4bGtiaU5pb3JFV1pzUWJVb09EVl9NZlNqak1Od3JsSDFIZmlzM0lSalRGTmpTSkpRQnRrMzZ4M3VhVG5YN2ExY243Ti1Sc0VDTURHTVAtX3o1c1JNNm1aaHJMQkI3RHNMSWdhWW16N3AtX3JmYi1zcExXa3Y1b19PeXlJQ015RnBlVlNscTJYQVdTRVA1YlJfcVNoLTJTWWpQVDAzN0ZfcTdWVnZfMVlDcFR4ZXRUV1E1aTNFeHRqSmJqUV9HUmtfaXloZWtyVkUxMjhfa1NJU2c?oc=5"" target=""_blank"">Cementing a Sustainable Future: Raw Materials Risk Management in the Construction Materials Industry</a>&nbsp;&nbsp;<font color=""#6f6f6f"">Sustainalytics</font>"
Accelerating sustainable construction and building icons in Madrid - Holcim,https://news.google.com/rss/articles/CBMigwFBVV95cUxPU05LWllHNC0yTWgxTFNQTUVObTRMcXQ0cmpXazVkSUhEWXZTNm5JVkZuc2VYZ3V0ZW5FYWhoRkRDajF3ZFlHTUFoNVZ0THVSdnF5cTloekRzUTVDRTcxWEE3dXJvWWtIVEZVdUJGOXhSNFNYR3pRdmpjSVNYNlhkRy03SQ?oc=5,"Fri, 08 Nov 2024 09:03:29 GMT","<a href=""https://news.google.com/rss/articles/CBMigwFBVV95cUxPU05LWllHNC0yTWgxTFNQTUVObTRMcXQ0cmpXazVkSUhEWXZTNm5JVkZuc2VYZ3V0ZW5FYWhoRkRDajF3ZFlHTUFoNVZ0THVSdnF5cTloekRzUTVDRTcxWEE3dXJvWWtIVEZVdUJGOXhSNFNYR3pRdmpjSVNYNlhkRy03SQ?oc=5"" target=""_blank"">Accelerating sustainable construction and building icons in Madrid</a>&nbsp;&nbsp;<font color=""#6f6f6f"">Holcim</font>"
McKinsey Sustainable Materials Hub Driving Decarbonisation - Construction Digital,https://news.google.com/rss/articles/CBMivAFBVV95cUxQNG81WjR4Yml3NGpSQVJiMGoyY2dnMXY2MzhIc080NS0wMFl3V25SU001ZlJtejZUOVhaZGtwUUh0ZEVRSnRmVXNjM3NPdzQ1UlFtNmw3ZTYzdHBYNnhZZkx2bFpwVWxyaGVXTnZnTk1CenZCaUo0aktrQklyVkhhN3dxenFaY2M3ZTluSC1fY2dta3pIMXRJWVNmY180blZNOUg3MUxUYmtYZFIyUUJVSVVjbkdaRWFIRzBlSQ?oc=5,"Wed, 10 Jul 2024 07:00:00 GMT","<a href=""https://news.google.com/rss/articles/CBMivAFBVV95cUxQNG81WjR4Yml3NGpSQVJiMGoyY2dnMXY2MzhIc080NS0wMFl3V25SU001ZlJtejZUOVhaZGtwUUh0ZEVRSnRmVXNjM3NPdzQ1UlFtNmw3ZTYzdHBYNnhZZkx2bFpwVWxyaGVXTnZnTk1CenZCaUo0aktrQklyVkhhN3dxenFaY2M3ZTluSC1fY2dta3pIMXRJWVNmY180blZNOUg3MUxUYmtYZFIyUUJVSVVjbkdaRWFIRzBlSQ?oc=5"" target=""_blank"">McKinsey Sustainable Materials Hub Driving Decarbonisation</a>&nbsp;&nbsp;<font color=""#6f6f6f"">Construction Digital</font>"
Tata BlueScope Steel Launches PRISMA®: A Game-Changer in Sustainable Construction Materials - Chemical Industry Digest,https://news.google.com/rss/articles/CBMitgFBVV95cUxOam9ELWRhMUFrN2FWbnBDZlNMLUotWW9COGxvNVR1UmdmMTJLN1dtMmZtaXRQUG11SU9wZFgtTlZDRmdKbEdiSEZuczZSWjNoQ0N5dDVBbUFGSWQzOWJDU2pyQ1F4S2FZZWlEQlZ3czdxeEZ0bkl0eG95VEN2WUlJQ0JkazE5MkpQRjFZNElTQjY3dlYwcHp3dXFKQWo2Y1V6cWgySGphUUZhcmtkMWxid2dvVDVPdw?oc=5,"Wed, 30 Apr 2025 09:32:52 GMT","<a href=""https://news.google.com/rss/articles/CBMitgFBVV95cUxOam9ELWRhMUFrN2FWbnBDZlNMLUotWW9COGxvNVR1UmdmMTJLN1dtMmZtaXRQUG11SU9wZFgtTlZDRmdKbEdiSEZuczZSWjNoQ0N5dDVBbUFGSWQzOWJDU2pyQ1F4S2FZZWlEQlZ3czdxeEZ0bkl0eG95VEN2WUlJQ0JkazE5MkpQRjFZNElTQjY3dlYwcHp3dXFKQWo2Y1V6cWgySGphUUZhcmtkMWxid2dvVDVPdw?oc=5"" target=""_blank"">Tata BlueScope Steel Launches PRISMA®: A Game-Changer in Sustainable Construction Materials</a>&nbsp;&nbsp;<font color=""#6f6f6f"">Chemical Industry Digest</font>"
Ground Granulated Blast-Furnace Slag (GGBFS) Market to Hit - GlobeNewswire,https://news.google.com/rss/articles/CBMizAJBVV95cUxQYW81MFByZ0tLZ2NIYndTYzFvTmpYUjEybXI4STZBUGFDSEpjSEloZ3Q1ZkczWlJOOXB5M25SWkItZFZrRTczeEdvMnktcGppamR1NlFnWnJMYXdab0U2ekJBRmVHSFJEVU5QR2dZRERPWmxnbkpLNFlrZjRkMWxrSkRHNmNBR3YtZUpKaEZuYWlyOF9BY25DRzZ6Vkt5VDBESkh2XzkweDhBMXFISmR4ek43U0JIRGVaZE81Qk5KQnhKdjlFdlpocWRqWklFMG9BTDQ5ajlyNlpQcWdDeWtSRmpVVi1LcTdicWZfUWRRNEs0aDRvRS1RSHdmanlaSk9FQU4wbVVKcWVvaGtOWmZSLUFrX1FtelBwaDVRYnk3Q0k0S1o2ZkdkMVVQNTl4MmVfTE9taUdZcVBreXZYUTc0TjNIa1hNa3BOOEJLTg?oc=5,"Fri, 14 Feb 2025 08:00:00 GMT","<a href=""https://news.google.com/rss/articles/CBMizAJBVV95cUxQYW81MFByZ0tLZ2NIYndTYzFvTmpYUjEybXI4STZBUGFDSEpjSEloZ3Q1ZkczWlJOOXB5M25SWkItZFZrRTczeEdvMnktcGppamR1NlFnWnJMYXdab0U2ekJBRmVHSFJEVU5QR2dZRERPWmxnbkpLNFlrZjRkMWxrSkRHNmNBR3YtZUpKaEZuYWlyOF9BY25DRzZ6Vkt5VDBESkh2XzkweDhBMXFISmR4ek43U0JIRGVaZE81Qk5KQnhKdjlFdlpocWRqWklFMG9BTDQ5ajlyNlpQcWdDeWtSRmpVVi1LcTdicWZfUWRRNEs0aDRvRS1RSHdmanlaSk9FQU4wbVVKcWVvaGtOWmZSLUFrX1FtelBwaDVRYnk3Q0k0S1o2ZkdkMVVQNTl4MmVfTE9taUdZcVBreXZYUTc0TjNIa1hNa3BOOEJLTg?oc=5"" target=""_blank"">Ground Granulated Blast-Furnace Slag (GGBFS) Market to Hit</a>&nbsp;&nbsp;<font color=""#6f6f6f"">GlobeNewswire</font>"
Sustainable materials selection in industrial construction: A life-cycle based approach to compare the economic and structural performances of glass fibre reinforced polymer (GFRP) and steel - ScienceDirect.com,https://news.google.com/rss/articles/CBMidkFVX3lxTE8xRE12TmdZUEV1S1RodW5acEFqZGs1bk91aVhCSVBuS2k1VXNVVFRNekdoQVdfOWR1MTREenRDUW1md1RwcGt1WXR1aGVwdl9qOTYxaU8zcXNBZW12VG9ZTU1CXzJiYS1EWnN0Q3dRemtQRFhuRmc?oc=5,"Fri, 13 Sep 2024 18:47:04 GMT","<a href=""https://news.google.com/rss/articles/CBMidkFVX3lxTE8xRE12TmdZUEV1S1RodW5acEFqZGs1bk91aVhCSVBuS2k1VXNVVFRNekdoQVdfOWR1MTREenRDUW1md1RwcGt1WXR1aGVwdl9qOTYxaU8zcXNBZW12VG9ZTU1CXzJiYS1EWnN0Q3dRemtQRFhuRmc?oc=5"" target=""_blank"">Sustainable materials selection in industrial construction: A life-cycle based approach to compare the economic and structural performances of glass fibre reinforced polymer (GFRP) and steel</a>&nbsp;&nbsp;<font color=""#6f6f6f"">ScienceDirect.com</font>"
"How biomaterials are redefining the concept of sustainable design - Planning, Building & Construction Today",https://news.google.com/rss/articles/CBMizAFBVV95cUxNWnRlWEpjcFFOYnV0a0N1Nk1Ud3piXzhkdGNBckdZT2t0OVllTUk1djRad2trQndtc1lTc0x1LUw0aXlYYWJpWG9EQWRUNExmMUpNaXBCWkJMa0xzbVJnVi1JMkhvVmNtamtFaFozZW5hQ2otVnkyQm9VcmpDNkFmZTl2djFzNEJYZlBYMWhvOVBvYWxGZFZ6STNRUWlFRF9Yd2RtWXRUd1dPakd5YWtaZ3RnZ2g4RkoxMHp5aTRvSGR6YWpoaWZITGdCVk8?oc=5,"Fri, 07 Feb 2025 08:00:00 GMT","<a href=""https://news.google.com/rss/articles/CBMizAFBVV95cUxNWnRlWEpjcFFOYnV0a0N1Nk1Ud3piXzhkdGNBckdZT2t0OVllTUk1djRad2trQndtc1lTc0x1LUw0aXlYYWJpWG9EQWRUNExmMUpNaXBCWkJMa0xzbVJnVi1JMkhvVmNtamtFaFozZW5hQ2otVnkyQm9VcmpDNkFmZTl2djFzNEJYZlBYMWhvOVBvYWxGZFZ6STNRUWlFRF9Yd2RtWXRUd1dPakd5YWtaZ3RnZ2g4RkoxMHp5aTRvSGR6YWpoaWZITGdCVk8?oc=5"" target=""_blank"">How biomaterials are redefining the concept of sustainable design</a>&nbsp;&nbsp;<font color=""#6f6f6f"">Planning, Building & Construction Today</font>"
Terra CO2 Announces US$82M in New Series B Funding to Accelerate Commercial Deployment of Sustainable Cement Technology - Business Wire,https://news.google.com/rss/articles/CBMihgJBVV95cUxPUWJhSTdkeURVa2tPWVhBWERqeENuRTB1Tzd2V296SVBWR081SWZqRk5JaHRsZkVnMDBYeHZEYWpCTzdfY3dSZWM3b2tBWUhGWVFYM1JKUE5OXzg0UE1KTDFsN0tvRFpXdHQ2cHZSZUExVkRoN1p6SVJlR3ozM3BUaGwzZDZtQlA0ZWtua3NMZGpwLUN0TS04VldlRnJYOWJjblJEZHpLb2wxaC1kUmhJelJXZ0FNT2kyNzZhWjdVX0MzVzJmZnVrYVZrYkJtQ0JmRGpXbjk0dEFQdXBSMWZ3YlAxVEsyXy1kQkhWOWcxYm5ZTE5SVzNOcWJCOVZoMDVDN1NyV0NB?oc=5,"Tue, 18 Feb 2025 08:00:00 GMT","<a href=""https://news.google.com/rss/articles/CBMihgJBVV95cUxPUWJhSTdkeURVa2tPWVhBWERqeENuRTB1Tzd2V296SVBWR081SWZqRk5JaHRsZkVnMDBYeHZEYWpCTzdfY3dSZWM3b2tBWUhGWVFYM1JKUE5OXzg0UE1KTDFsN0tvRFpXdHQ2cHZSZUExVkRoN1p6SVJlR3ozM3BUaGwzZDZtQlA0ZWtua3NMZGpwLUN0TS04VldlRnJYOWJjblJEZHpLb2wxaC1kUmhJelJXZ0FNT2kyNzZhWjdVX0MzVzJmZnVrYVZrYkJtQ0JmRGpXbjk0dEFQdXBSMWZ3YlAxVEsyXy1kQkhWOWcxYm5ZTE5SVzNOcWJCOVZoMDVDN1NyV0NB?oc=5"" target=""_blank"">Terra CO2 Announces US$82M in New Series B Funding to Accelerate Commercial Deployment of Sustainable Cement Technology</a>&nbsp;&nbsp;<font color=""#6f6f6f"">Business Wire</font>"
Holcim Mexico mitigate 1.7 million t of CO2 in 2024 with its sustainable construction solutions - World Cement,https://news.google.com/rss/articles/CBMi3AFBVV95cUxPcDNPOTVUTWsxdkp6cXBsSDl6Um5KUGlGZEhuU3BsX0NvUlJRNE1ER2FPd0hnMWNMdzl4Tm43bEk4c3VibjZuLWZ1bnFpcExjUG1EYUtvdVlKdjZmcnhfQ1lVNmZnTXVROG1kaVFEUWVYeW5IZ1hENU5nVVg0SV9mN1JvRm1xRUFJbWFXZ2FDcHdkMW04ZW85bXBCT2puQS0xanZBeXlra1NLaHV5RTUwY0h1R2l2aVNmQnNXQnV2TTBPVmZXbHEyamRUNjVPSzduWUE3RjUtNjNhdEI0?oc=5,"Wed, 26 Feb 2025 08:00:00 GMT","<a href=""https://news.google.com/rss/articles/CBMi3AFBVV95cUxPcDNPOTVUTWsxdkp6cXBsSDl6Um5KUGlGZEhuU3BsX0NvUlJRNE1ER2FPd0hnMWNMdzl4Tm43bEk4c3VibjZuLWZ1bnFpcExjUG1EYUtvdVlKdjZmcnhfQ1lVNmZnTXVROG1kaVFEUWVYeW5IZ1hENU5nVVg0SV9mN1JvRm1xRUFJbWFXZ2FDcHdkMW04ZW85bXBCT2puQS0xanZBeXlra1NLaHV5RTUwY0h1R2l2aVNmQnNXQnV2TTBPVmZXbHEyamRUNjVPSzduWUE3RjUtNjNhdEI0?oc=5"" target=""_blank"">Holcim Mexico mitigate 1.7 million t of CO2 in 2024 with its sustainable construction solutions</a>&nbsp;&nbsp;<font color=""#6f6f6f"">World Cement</font>"
"The future of sustainable building and construction: Understanding material circularity - Planning, Building & Construction Today",https://news.google.com/rss/articles/CBMi6AFBVV95cUxQLThBU0RTTUpZeG13bDVFYWUyZ2xzakJqcDI4NnNZQjJubzdDZDNRdTRIdHVnenFXYVUxbGxPdW16eUZBQlFfVkVwcU5HYWNlOEs2NlZLc0JMdWtSVDdLdWNSZFh1dFVqRWRHVEY1MS0xZHAwS3BwWWRoeHQ3T1hQSEd0ZGFFbGZxZi0ySnBBVUo3WDdRTFVsQkhQWTd2VHhfQWNWS24zcENNVW5Kd1V0bjFRU1BLQ3p6ZDhZYk5udmZZT3ZCUDR2c05kQUt6WHB1OTlxdV9kVTR0djlMU3dHQ3htcEVFTF9a?oc=5,"Thu, 05 Dec 2024 08:00:00 GMT","<a href=""https://news.google.com/rss/articles/CBMi6AFBVV95cUxQLThBU0RTTUpZeG13bDVFYWUyZ2xzakJqcDI4NnNZQjJubzdDZDNRdTRIdHVnenFXYVUxbGxPdW16eUZBQlFfVkVwcU5HYWNlOEs2NlZLc0JMdWtSVDdLdWNSZFh1dFVqRWRHVEY1MS0xZHAwS3BwWWRoeHQ3T1hQSEd0ZGFFbGZxZi0ySnBBVUo3WDdRTFVsQkhQWTd2VHhfQWNWS24zcENNVW5Kd1V0bjFRU1BLQ3p6ZDhZYk5udmZZT3ZCUDR2c05kQUt6WHB1OTlxdV9kVTR0djlMU3dHQ3htcEVFTF9a?oc=5"" target=""_blank"">The future of sustainable building and construction: Understanding material circularity</a>&nbsp;&nbsp;<font color=""#6f6f6f"">Planning, Building & Construction Today</font>"
Examining Google’s Sustainable Approach to Data Center Construction - Data Center Frontier,https://news.google.com/rss/articles/CBMiyAFBVV95cUxOUXhIc182U3ZZa3BzZXA5TGFBZElOMUhVbWJGU2N2Y0NBSVFKUXVFSzZRUXpiNG9NQW9qNGFPNmZyM0F0WjNuY3ZURFVnMkZEVUpfbVhaRTZkcWNRS2Zja1BFNURjUE85bm1MblNPMFZ1VFoxdUN1ODBaQUhIbk1uM3VjdmZhNTA1SWxTVUFhbURPWmhyc2VxNGNoLVliWWZxRzN1M1REU3ZiZDRiRWRZNHYwUXA4X254UG04WjJTcG9yUGJlbmlSag?oc=5,"Wed, 18 Dec 2024 08:00:00 GMT","<a href=""https://news.google.com/rss/articles/CBMiyAFBVV95cUxOUXhIc182U3ZZa3BzZXA5TGFBZElOMUhVbWJGU2N2Y0NBSVFKUXVFSzZRUXpiNG9NQW9qNGFPNmZyM0F0WjNuY3ZURFVnMkZEVUpfbVhaRTZkcWNRS2Zja1BFNURjUE85bm1MblNPMFZ1VFoxdUN1ODBaQUhIbk1uM3VjdmZhNTA1SWxTVUFhbURPWmhyc2VxNGNoLVliWWZxRzN1M1REU3ZiZDRiRWRZNHYwUXA4X254UG04WjJTcG9yUGJlbmlSag?oc=5"" target=""_blank"">Examining Google’s Sustainable Approach to Data Center Construction</a>&nbsp;&nbsp;<font color=""#6f6f6f"">Data Center Frontier</font>"
Green Cement Surges as Giants Adopt Sustainable Construction - Construction Digital,https://news.google.com/rss/articles/CBMivwFBVV95cUxPNWt6cTJFampRUlh6TldiWVdzRFhRYWViY1F3bXc1RDdyYVExUWQxZlE5ZTNtVUIwSlhWdW96OWtYQzNCNkJ0ajRfNVpoeTlGY2lfakpJMU1sNm0yNEtqZTFuRV8xMlQyYjdOeDBEQUNRQ3FwOHFLdXhUX2Rfdl96QW91ZXpoLTFVbU5FNEZhazdpUi1HV3JkdW9leWNtWTJYOExWTnFjc3NVd0tXdDVjTnhjYmliNG5kZElkbzBkaw?oc=5,"Mon, 05 Aug 2024 07:00:00 GMT","<a href=""https://news.google.com/rss/articles/CBMivwFBVV95cUxPNWt6cTJFampRUlh6TldiWVdzRFhRYWViY1F3bXc1RDdyYVExUWQxZlE5ZTNtVUIwSlhWdW96OWtYQzNCNkJ0ajRfNVpoeTlGY2lfakpJMU1sNm0yNEtqZTFuRV8xMlQyYjdOeDBEQUNRQ3FwOHFLdXhUX2Rfdl96QW91ZXpoLTFVbU5FNEZhazdpUi1HV3JkdW9leWNtWTJYOExWTnFjc3NVd0tXdDVjTnhjYmliNG5kZElkbzBkaw?oc=5"" target=""_blank"">Green Cement Surges as Giants Adopt Sustainable Construction</a>&nbsp;&nbsp;<font color=""#6f6f6f"">Construction Digital</font>"
(PDF) Utilization of sawdust composites in construction—a review - ResearchGate,https://news.google.com/rss/articles/CBMirgFBVV95cUxQVVJ3WTR0MEJ0ZTcwMlFDdHltTVkwXzlmSEVFclc1S3ZkUWQ4XzhkMXBCQUtxVl9ZZTRLQjVrNGRyWGxiS0dobjVBTXJIMV9KMzdiemJWTWZLLU1aOTVWVU9OWk1VbjV4RENkV3FWeGZ3aUJYRUpNZzNFczRJSkxCaXhKaENzWjFHSEJJVnZNU3dnUEt5WWszd1pWOFdFMHpjM01oSjB2aFFPSDJxeUE?oc=5,"Mon, 09 Dec 2024 08:00:00 GMT","<a href=""https://news.google.com/rss/articles/CBMirgFBVV95cUxQVVJ3WTR0MEJ0ZTcwMlFDdHltTVkwXzlmSEVFclc1S3ZkUWQ4XzhkMXBCQUtxVl9ZZTRLQjVrNGRyWGxiS0dobjVBTXJIMV9KMzdiemJWTWZLLU1aOTVWVU9OWk1VbjV4RENkV3FWeGZ3aUJYRUpNZzNFczRJSkxCaXhKaENzWjFHSEJJVnZNU3dnUEt5WWszd1pWOFdFMHpjM01oSjB2aFFPSDJxeUE?oc=5"" target=""_blank"">(PDF) Utilization of sawdust composites in construction—a review</a>&nbsp;&nbsp;<font color=""#6f6f6f"">ResearchGate</font>"
Wool Fibers Improve Green Building Components - AZoBuild,https://news.google.com/rss/articles/CBMiW0FVX3lxTFBUeUJiNmhQU2ZOc2lHSk5YU1ozZks5dnppMHFxUGJSb0Y5R0ZkWGtnOWtXTmxPa2dsTExyT1JBR05oZFRGLUFzMV9rM1RqN0hJNXpoSmU0WTgtQk0?oc=5,"Tue, 13 Aug 2024 07:00:00 GMT","<a href=""https://news.google.com/rss/articles/CBMiW0FVX3lxTFBUeUJiNmhQU2ZOc2lHSk5YU1ozZks5dnppMHFxUGJSb0Y5R0ZkWGtnOWtXTmxPa2dsTExyT1JBR05oZFRGLUFzMV9rM1RqN0hJNXpoSmU0WTgtQk0?oc=5"" target=""_blank"">Wool Fibers Improve Green Building Components</a>&nbsp;&nbsp;<font color=""#6f6f6f"">AZoBuild</font>"
Embodied carbon saving potential of using recycled materials as cement substitute in Singapore’s buildings - Nature,https://news.google.com/rss/articles/CBMiX0FVX3lxTE8wVjZmSUVXRDhtZU1VMER0OFZKcHJHcGFfNmdFSjh6TndDRXN2MFdnUW9Uc240S180Q2JSNHdOZXdWNHp2YnZQRy1FUldaXy01a0F5alo1eUJYVHZzaHpN?oc=5,"Fri, 02 Aug 2024 07:00:00 GMT","<a href=""https://news.google.com/rss/articles/CBMiX0FVX3lxTE8wVjZmSUVXRDhtZU1VMER0OFZKcHJHcGFfNmdFSjh6TndDRXN2MFdnUW9Uc240S180Q2JSNHdOZXdWNHp2YnZQRy1FUldaXy01a0F5alo1eUJYVHZzaHpN?oc=5"" target=""_blank"">Embodied carbon saving potential of using recycled materials as cement substitute in Singapore’s buildings</a>&nbsp;&nbsp;<font color=""#6f6f6f"">Nature</font>"
How Dubai-based ARDH Collective is turning sand and date seeds into construction material - thenationalnews.com,https://news.google.com/rss/articles/CBMi2gFBVV95cUxPSE9JQmtsV0F0U0RndW4ta0tMalZFZTIxZEtNcmlJRVRBSTBjUmZTZTR2eFRyNzRlT25nSnMwYlVrdlZ0SEFwMjNqSXUwUDd2V3p0dS14cjRlM19udUxmMHlzb0tBdXV1R0kyNnNiR1VNV08tc2lYaFBOTXBXUWpQLW83S0pVLTc2UWsxaC12ZnJ1aUg3bVY5THNKRW1Sb0dsYVlrTzJHd194RXJaMUFZUlV6VldTV0ZENGd4cWhIZERGSG9sSXZJd0lCRFo5LXVDVjRCM0VwdG9vZw?oc=5,"Sun, 15 Sep 2024 07:00:00 GMT","<a href=""https://news.google.com/rss/articles/CBMi2gFBVV95cUxPSE9JQmtsV0F0U0RndW4ta0tMalZFZTIxZEtNcmlJRVRBSTBjUmZTZTR2eFRyNzRlT25nSnMwYlVrdlZ0SEFwMjNqSXUwUDd2V3p0dS14cjRlM19udUxmMHlzb0tBdXV1R0kyNnNiR1VNV08tc2lYaFBOTXBXUWpQLW83S0pVLTc2UWsxaC12ZnJ1aUg3bVY5THNKRW1Sb0dsYVlrTzJHd194RXJaMUFZUlV6VldTV0ZENGd4cWhIZERGSG9sSXZJd0lCRFo5LXVDVjRCM0VwdG9vZw?oc=5"" target=""_blank"">How Dubai-based ARDH Collective is turning sand and date seeds into construction material</a>&nbsp;&nbsp;<font color=""#6f6f6f"">thenationalnews.com</font>"
8 Innovative Construction Materials - parametric-architecture.com,https://news.google.com/rss/articles/CBMifEFVX3lxTE1ScFQ5cjVLenltdGlnbHFqUmZGVEYyM3RvUTh1YkpNYm03aml0OU5tb3Y1NXZvQ1g4NXg2Q1RpMHNWOE12QTZyQVRvVXFnZ01PRHlzYjVERG1hVkN1ME5neHpvTkwxWWVCa2d5bmJMSlBqVk1zazhmcVFNUVg?oc=5,"Thu, 26 Sep 2024 07:00:00 GMT","<a href=""https://news.google.com/rss/articles/CBMifEFVX3lxTE1ScFQ5cjVLenltdGlnbHFqUmZGVEYyM3RvUTh1YkpNYm03aml0OU5tb3Y1NXZvQ1g4NXg2Q1RpMHNWOE12QTZyQVRvVXFnZ01PRHlzYjVERG1hVkN1ME5neHpvTkwxWWVCa2d5bmJMSlBqVk1zazhmcVFNUVg?oc=5"" target=""_blank"">8 Innovative Construction Materials</a>&nbsp;&nbsp;<font color=""#6f6f6f"">parametric-architecture.com</font>"
Innovating climate-positive housing for a sustainable future - Innovation News Network,https://news.google.com/rss/articles/CBMirAFBVV95cUxQWmROY2x1YjlyRVI1RWZzTFp4X0w0bHlVU05rcUEzTnZEY3c4WDdILXJRbHMxVDJveUR2a1dlNHJMQ2lOejAwa1hLSl9qbmVGQ1Rpc1BFUllZam5peXBjdU56WHBSWjQtVl9NeS15emdncVhCcEtoX2hZSVNfc1ZVR1NlNDgza0VMa0xkWkdvMkZUaUg5R0stTDhlMUVaRlhMZVE2TEVYMGtGMWFn?oc=5,"Wed, 04 Sep 2024 07:00:00 GMT","<a href=""https://news.google.com/rss/articles/CBMirAFBVV95cUxQWmROY2x1YjlyRVI1RWZzTFp4X0w0bHlVU05rcUEzTnZEY3c4WDdILXJRbHMxVDJveUR2a1dlNHJMQ2lOejAwa1hLSl9qbmVGQ1Rpc1BFUllZam5peXBjdU56WHBSWjQtVl9NeS15emdncVhCcEtoX2hZSVNfc1ZVR1NlNDgza0VMa0xkWkdvMkZUaUg5R0stTDhlMUVaRlhMZVE2TEVYMGtGMWFn?oc=5"" target=""_blank"">Innovating climate-positive housing for a sustainable future</a>&nbsp;&nbsp;<font color=""#6f6f6f"">Innovation News Network</font>"
Rethinking Construction: The Rise of Wood as a Sustainable Material - Architect Magazine,https://news.google.com/rss/articles/CBMirgFBVV95cUxQaWtOaGtkX3JFVFVfalZCTVdNOTdpNW1TTGlqZlFGZ19Kbk02OFZnbEllejZpazU1TjI3a3c2LTlmRDJIcl9mSEFaREhoRU45S1lBbFVoSzU5d3dENFI4Tm1BaF83SExIeDZubllkLS1YN0F5NzRvaEktdVVGczBCdkRJc0VndmdwVGRQbHRHRWJwdFRQbzdLSXpPLTUxeDVuU0dZVF9vOUlRRDA4ZkE?oc=5,"Fri, 14 Jun 2024 23:05:18 GMT","<a href=""https://news.google.com/rss/articles/CBMirgFBVV95cUxQaWtOaGtkX3JFVFVfalZCTVdNOTdpNW1TTGlqZlFGZ19Kbk02OFZnbEllejZpazU1TjI3a3c2LTlmRDJIcl9mSEFaREhoRU45S1lBbFVoSzU5d3dENFI4Tm1BaF83SExIeDZubllkLS1YN0F5NzRvaEktdVVGczBCdkRJc0VndmdwVGRQbHRHRWJwdFRQbzdLSXpPLTUxeDVuU0dZVF9vOUlRRDA4ZkE?oc=5"" target=""_blank"">Rethinking Construction: The Rise of Wood as a Sustainable Material</a>&nbsp;&nbsp;<font color=""#6f6f6f"">Architect Magazine</font>"
(PDF) Use of geosynthetic materials as soil reinforcement: an alternative eco-friendly construction material - ResearchGate,https://news.google.com/rss/articles/CBMi5wFBVV95cUxOXzdoV1VseVloM1BEQlJhd1pQNktfdGltSllxRmVWM0daNUJySTdNQU45eExhVEREN3JQRWRObFZMN0hSb1BQV0VINFY0b19lUDdMeFVUUExNNkVkWmdyYkNTZ0lwSzRldTlGY09RdHlFUk5zVWM1Q0tUSlV3US1yakFCN2lJNVB1Um1kclFzSUZ0MkRkSXU1Ymt1WGR2dVpabUZ0dW9WVUl6Vkp5SHlzRlBIbmYzS3Vzb3pBWi1VbDZwRVNBVWNVaWFpbGdQZTZ3MGhGaVR0eVFmZ3JqV3duMXpfbGM1aW8?oc=5,"Sun, 08 Dec 2024 08:00:00 GMT","<a href=""https://news.google.com/rss/articles/CBMi5wFBVV95cUxOXzdoV1VseVloM1BEQlJhd1pQNktfdGltSllxRmVWM0daNUJySTdNQU45eExhVEREN3JQRWRObFZMN0hSb1BQV0VINFY0b19lUDdMeFVUUExNNkVkWmdyYkNTZ0lwSzRldTlGY09RdHlFUk5zVWM1Q0tUSlV3US1yakFCN2lJNVB1Um1kclFzSUZ0MkRkSXU1Ymt1WGR2dVpabUZ0dW9WVUl6Vkp5SHlzRlBIbmYzS3Vzb3pBWi1VbDZwRVNBVWNVaWFpbGdQZTZ3MGhGaVR0eVFmZ3JqV3duMXpfbGM1aW8?oc=5"" target=""_blank"">(PDF) Use of geosynthetic materials as soil reinforcement: an alternative eco-friendly construction material</a>&nbsp;&nbsp;<font color=""#6f6f6f"">ResearchGate</font>"
Traditional building practices offer sustainable solutions as African cities grow - UNEP - UN Environment Programme,https://news.google.com/rss/articles/CBMiuAFBVV95cUxNTEd1SmliaFB5YWFDSFd2UTRhZ2dkU2tMOGJvZERSUjNERnVyS0d2TWpMVDlPQVBnN2pIS1J4NERid05XSjdTQVdjV2ZyTjJ6Unl6YkRQLWt2RjQtT0dCcGlQUERjS3pPMmlCOHZ4ckpYSGZSMEpOMEtRb01UNmdXS1BLNXZqM052cWx0Nk4tY3l0dW42cTJ2OXh0c2Q4QlZvUk9TRGt4MC1ONWVhVEM5Zk4zM2pqa3Q0?oc=5,"Tue, 28 May 2024 07:00:00 GMT","<a href=""https://news.google.com/rss/articles/CBMiuAFBVV95cUxNTEd1SmliaFB5YWFDSFd2UTRhZ2dkU2tMOGJvZERSUjNERnVyS0d2TWpMVDlPQVBnN2pIS1J4NERid05XSjdTQVdjV2ZyTjJ6Unl6YkRQLWt2RjQtT0dCcGlQUERjS3pPMmlCOHZ4ckpYSGZSMEpOMEtRb01UNmdXS1BLNXZqM052cWx0Nk4tY3l0dW42cTJ2OXh0c2Q4QlZvUk9TRGt4MC1ONWVhVEM5Zk4zM2pqa3Q0?oc=5"" target=""_blank"">Traditional building practices offer sustainable solutions as African cities grow</a>&nbsp;&nbsp;<font color=""#6f6f6f"">UNEP - UN Environment Programme</font>"
Start-ups Specialised In Sustainable Construction Products Gaining Momentum - Entrepreneur,https://news.google.com/rss/articles/CBMiugFBVV95cUxQYUlxeUdjQmN0YlVZa3p2MnVtVWxuSmliYVBTZVo1WmxqVldscnpXNVlGakVIRWgtTFg3SVZVOEhOUHVOWmZiSGhLN01oMmE3QVFXZ2p0YUJZWXZpM05fNHBCWXNoNU9wZ1JZWDhjSkxRNHRHSEJSdU5YdzJaS0hsbEd1Z3B3TklPTnFnbU14MGVYQUV3WlRtS0Nwd3FNa2k5cGVZR2VFRVZiMmR5QzBXTTRSRDBHdERxdFE?oc=5,"Mon, 20 May 2024 07:00:00 GMT","<a href=""https://news.google.com/rss/articles/CBMiugFBVV95cUxQYUlxeUdjQmN0YlVZa3p2MnVtVWxuSmliYVBTZVo1WmxqVldscnpXNVlGakVIRWgtTFg3SVZVOEhOUHVOWmZiSGhLN01oMmE3QVFXZ2p0YUJZWXZpM05fNHBCWXNoNU9wZ1JZWDhjSkxRNHRHSEJSdU5YdzJaS0hsbEd1Z3B3TklPTnFnbU14MGVYQUV3WlRtS0Nwd3FNa2k5cGVZR2VFRVZiMmR5QzBXTTRSRDBHdERxdFE?oc=5"" target=""_blank"">Start-ups Specialised In Sustainable Construction Products Gaining Momentum</a>&nbsp;&nbsp;<font color=""#6f6f6f"">Entrepreneur</font>"
"Green Building Materials Market Size to Worth USD 1,352.12 Bn by 2033 - GlobeNewswire",https://news.google.com/rss/articles/CBMi2AFBVV95cUxOanlXUV9IcUlfd3JUZm5qLUNaSWs3QTVoY0hQS093QThudUxpb0RGeTUwMVFTZThwcFRHZlQyN1p3RlNLU1BlODk4VVZpNDZfR2tfNE8zUWhzMEpoWHQwamQxZnlGTEt6dGczVjJxaTZPU3gxX0ZvSEZRZ0FlblJZTVpUeG5KaUNDVXRwUEszZUFYZzBnMVp4dTJQSlJNUHBpc1dxaUFJUUtIbG1RckFlc1lkSEM4UlF1RFhsRnd2MzVNVVRVay1vLWVvQzlPUHUzdFpRYWZFNmo?oc=5,"Mon, 27 May 2024 07:00:00 GMT","<a href=""https://news.google.com/rss/articles/CBMi2AFBVV95cUxOanlXUV9IcUlfd3JUZm5qLUNaSWs3QTVoY0hQS093QThudUxpb0RGeTUwMVFTZThwcFRHZlQyN1p3RlNLU1BlODk4VVZpNDZfR2tfNE8zUWhzMEpoWHQwamQxZnlGTEt6dGczVjJxaTZPU3gxX0ZvSEZRZ0FlblJZTVpUeG5KaUNDVXRwUEszZUFYZzBnMVp4dTJQSlJNUHBpc1dxaUFJUUtIbG1RckFlc1lkSEM4UlF1RFhsRnd2MzVNVVRVay1vLWVvQzlPUHUzdFpRYWZFNmo?oc=5"" target=""_blank"">Green Building Materials Market Size to Worth USD 1,352.12 Bn by 2033</a>&nbsp;&nbsp;<font color=""#6f6f6f"">GlobeNewswire</font>"
Assessing the Environmental Footprint of the Construction Industry: Challenges and Mitigation Strategies - Tech Times,https://news.google.com/rss/articles/CBMi7wFBVV95cUxPbW1PMHRXelhOUXJZNExzZHM2MVNjYXdEaW5raEdMZHBLeEkwVldFRW5xV2kzRkJLT09LOTNCX3dtcG1UU202VHJqQlRwRVNlZVE4X1NjWDVOcFNZVTBscDQ4SnlOYUZVVzZTa3Rtd05YcHNsWFNwYjFLSTVnOG5iZFBqalp5ZDBNUWtjNXo2bnA1WjdyeEhaaF9ROHJJWUNCNjA4d3JCZEpKbTRKc3M2WWJSYlQzd3o0WDYyckFTOHZLeTRfUUxPQnE4VjN1eDF1Zy00WVhhdkszV2g4U1BaR2JVTS1BTFprYzVJLUlDSQ?oc=5,"Sun, 09 Jun 2024 07:00:00 GMT","<a href=""https://news.google.com/rss/articles/CBMi7wFBVV95cUxPbW1PMHRXelhOUXJZNExzZHM2MVNjYXdEaW5raEdMZHBLeEkwVldFRW5xV2kzRkJLT09LOTNCX3dtcG1UU202VHJqQlRwRVNlZVE4X1NjWDVOcFNZVTBscDQ4SnlOYUZVVzZTa3Rtd05YcHNsWFNwYjFLSTVnOG5iZFBqalp5ZDBNUWtjNXo2bnA1WjdyeEhaaF9ROHJJWUNCNjA4d3JCZEpKbTRKc3M2WWJSYlQzd3o0WDYyckFTOHZLeTRfUUxPQnE4VjN1eDF1Zy00WVhhdkszV2g4U1BaR2JVTS1BTFprYzVJLUlDSQ?oc=5"" target=""_blank"">Assessing the Environmental Footprint of the Construction Industry: Challenges and Mitigation Strategies</a>&nbsp;&nbsp;<font color=""#6f6f6f"">Tech Times</font>"
Effect of fly ash and ground waste glass as cement replacement in concrete 3D-Printing for sustainable construction - Frontiers,https://news.google.com/rss/articles/CBMimwFBVV95cUxQckNsbTEyc01OSWNCZklKZFpyY3dIcXEyN3NZZHRqdjJEaDgxRzlITGtOcUtJRTl3cXJjUU9DRVlxWlhtVHc2Tl9CNng4RGYtN0NxcWdqNnFhVGVZMWZTbVNPLXYwM29YaGtldS1iUklIcmQ5VFpoaFZXWnlaSGUzWlQtUm5CNHdZQTFETFZscTFfSlpzUm5lYnpKYw?oc=5,"Wed, 25 Sep 2024 07:00:00 GMT","<a href=""https://news.google.com/rss/articles/CBMimwFBVV95cUxQckNsbTEyc01OSWNCZklKZFpyY3dIcXEyN3NZZHRqdjJEaDgxRzlITGtOcUtJRTl3cXJjUU9DRVlxWlhtVHc2Tl9CNng4RGYtN0NxcWdqNnFhVGVZMWZTbVNPLXYwM29YaGtldS1iUklIcmQ5VFpoaFZXWnlaSGUzWlQtUm5CNHdZQTFETFZscTFfSlpzUm5lYnpKYw?oc=5"" target=""_blank"">Effect of fly ash and ground waste glass as cement replacement in concrete 3D-Printing for sustainable construction</a>&nbsp;&nbsp;<font color=""#6f6f6f"">Frontiers</font>"
"BIM-LCA integration: The future of sustainable construction - Planning, Building & Construction Today",https://news.google.com/rss/articles/CBMizgFBVV95cUxOQUg0VDh5d2NEeWZJOEhqZTVEY2hrN0l1Mms5R1VqMEwtUHBVcjJPMmZZWWNPcmVUUXhwaXROVGZXa3JJSjVoR3oyeHFOU2hCT2tfZUpjMjY0R1ZZcGwwWi16QjhKdlFTbWF3T0Y2N1J5NTJfeWtSczZBRkxJOTlWb0dWWXlmc2QzZ0RVNEhodU5PeUdDNzVrMzRIVzNTY1ZXay03YWp3SlRwLUFCTUdDbmFIdkdjcmhVMEZ2TmlnaFpfVF9rbml4QWEwMm5Edw?oc=5,"Mon, 10 Feb 2025 08:00:00 GMT","<a href=""https://news.google.com/rss/articles/CBMizgFBVV95cUxOQUg0VDh5d2NEeWZJOEhqZTVEY2hrN0l1Mms5R1VqMEwtUHBVcjJPMmZZWWNPcmVUUXhwaXROVGZXa3JJSjVoR3oyeHFOU2hCT2tfZUpjMjY0R1ZZcGwwWi16QjhKdlFTbWF3T0Y2N1J5NTJfeWtSczZBRkxJOTlWb0dWWXlmc2QzZ0RVNEhodU5PeUdDNzVrMzRIVzNTY1ZXay03YWp3SlRwLUFCTUdDbmFIdkdjcmhVMEZ2TmlnaFpfVF9rbml4QWEwMm5Edw?oc=5"" target=""_blank"">BIM-LCA integration: The future of sustainable construction</a>&nbsp;&nbsp;<font color=""#6f6f6f"">Planning, Building & Construction Today</font>"
Experimental Investigation and Machine Learning Prediction of Mechanical Properties of Rubberized Concrete for Sustainable Construction - Nature,https://news.google.com/rss/articles/CBMiX0FVX3lxTE53X3huanJxb3hfSGZBQjZZWjNMcm9OaERPOEdLYVF3cEVRYjVMaVlkTURpenhfV21HYUJ1STd2QmJnaXFIckswcWh2ajV1S2hkdHI1LUlPV1owQjBic2hr?oc=5,"Mon, 30 Sep 2024 07:00:00 GMT","<a href=""https://news.google.com/rss/articles/CBMiX0FVX3lxTE53X3huanJxb3hfSGZBQjZZWjNMcm9OaERPOEdLYVF3cEVRYjVMaVlkTURpenhfV21HYUJ1STd2QmJnaXFIckswcWh2ajV1S2hkdHI1LUlPV1owQjBic2hr?oc=5"" target=""_blank"">Experimental Investigation and Machine Learning Prediction of Mechanical Properties of Rubberized Concrete for Sustainable Construction</a>&nbsp;&nbsp;<font color=""#6f6f6f"">Nature</font>"
Structures can be both earthquake-resilient and sustainable - PreventionWeb.net,https://news.google.com/rss/articles/CBMimgFBVV95cUxQREk2c2lFUEdmcE9kaGJ6WkI4akc2Z3BKcmJsSlRJc2FONUZtNVQzLVdaanBBVUZ0N3djMTh2NGFkek10WEZ5RVRXUFQ4dGdPUTRadFRJQ3Y0a1RQZFBjR1RwRGJWUFp1Znp2X2RJMVI1aFZvV3lVY0dQcF9YMXQxSlU0REFqanRYM0h0TDQ1RGU4Mi16ajU1R0hn?oc=5,"Fri, 19 Jul 2024 07:00:00 GMT","<a href=""https://news.google.com/rss/articles/CBMimgFBVV95cUxQREk2c2lFUEdmcE9kaGJ6WkI4akc2Z3BKcmJsSlRJc2FONUZtNVQzLVdaanBBVUZ0N3djMTh2NGFkek10WEZ5RVRXUFQ4dGdPUTRadFRJQ3Y0a1RQZFBjR1RwRGJWUFp1Znp2X2RJMVI1aFZvV3lVY0dQcF9YMXQxSlU0REFqanRYM0h0TDQ1RGU4Mi16ajU1R0hn?oc=5"" target=""_blank"">Structures can be both earthquake-resilient and sustainable</a>&nbsp;&nbsp;<font color=""#6f6f6f"">PreventionWeb.net</font>"
Editorial: Sustainable fiber reinforced cementitious composites for construction and building materials - Frontiers,https://news.google.com/rss/articles/CBMikAFBVV95cUxNT1FGcWhBZndxdXpCem1NX1lDV0dSX3o5UUdMeVYyQUhLWDQ1WXBUSU1objlHWVh6aWg3ZjZOYllMWThiY1JkanFKNFFNdGliVnVlMGEzek14dDNmbXloVThxZk9BVXZZSEFTTVhkRWZiMGN2c0QyUmQyQzdwdEUyYkxlcDQ3S0xLNnBFQ01FWGE?oc=5,"Tue, 25 Jun 2024 15:45:48 GMT","<a href=""https://news.google.com/rss/articles/CBMikAFBVV95cUxNT1FGcWhBZndxdXpCem1NX1lDV0dSX3o5UUdMeVYyQUhLWDQ1WXBUSU1objlHWVh6aWg3ZjZOYllMWThiY1JkanFKNFFNdGliVnVlMGEzek14dDNmbXloVThxZk9BVXZZSEFTTVhkRWZiMGN2c0QyUmQyQzdwdEUyYkxlcDQ3S0xLNnBFQ01FWGE?oc=5"" target=""_blank"">Editorial: Sustainable fiber reinforced cementitious composites for construction and building materials</a>&nbsp;&nbsp;<font color=""#6f6f6f"">Frontiers</font>"
Editorial: Volume stability and durability of alternative and sustainable binders - Frontiers,https://news.google.com/rss/articles/CBMimwFBVV95cUxNNDJfQ3IyTHVOVFZuc283LUE5RFo1VlBuN1JZQTU5TW5Pb1BEblhGZXdSSlM0SENOcHNGTTBicHo3TDZxQTBmSl96RDd5SzlmSGxQVDIyQng1WmJ5VjYxbzFvN0hyNkp6ZXNrVnFZS3FkeEZDd0c1aWtERkl2aVZwTmVJYWl6M0U5eE9wM2JBNmpjek9ha0VwYmphWQ?oc=5,"Fri, 12 Jul 2024 12:35:22 GMT","<a href=""https://news.google.com/rss/articles/CBMimwFBVV95cUxNNDJfQ3IyTHVOVFZuc283LUE5RFo1VlBuN1JZQTU5TW5Pb1BEblhGZXdSSlM0SENOcHNGTTBicHo3TDZxQTBmSl96RDd5SzlmSGxQVDIyQng1WmJ5VjYxbzFvN0hyNkp6ZXNrVnFZS3FkeEZDd0c1aWtERkl2aVZwTmVJYWl6M0U5eE9wM2JBNmpjek9ha0VwYmphWQ?oc=5"" target=""_blank"">Editorial: Volume stability and durability of alternative and sustainable binders</a>&nbsp;&nbsp;<font color=""#6f6f6f"">Frontiers</font>"
A World Beyond Concrete: 5 Construction Materials India is Using to Make Sustainable Homes - The Better India,https://news.google.com/rss/articles/CBMitwFBVV95cUxPazBZTE03b3FZZzgwdnRLdkdxMVFHSE1ETXkwYnNINE9adm1UOENNVkptdEJfZUVNbWFfM04xZmE1RzREQVBGYk92Q2IxMHZOd2lueHFoek5fRnJVX2VBcDQySk9xSmVQbTFleDNPZjlaSzUyUFBFOHhDSjhaVWRzeDU0QTlFVnhMUVhUX09PWjVYTU1iZk5KdlFYTkRzaEN0S3ZIMmVyNlFFVmRzcG00bnF3ZUlUMkXSAbwBQVVfeXFMTUxkeTZ0LUd2QmNZenhXdnBtM0hzbHBha3NMeGZCTVhJYkE5MC14dnlTRmFjNVIyVFh2QWFSZ1FPZDg2LV9qb2RSNXdsaVFYMkpSUlZ6X2VoS2ZVNmhaeUNhazJrVE4yZ0VqUDJzWVF4eUViZnlHTWM0V3JDSFV6ZkVqVWtzaDlaNExHS21leVJjekF4aV96OWM4cnQtVkpGXzZCeG5fd2hIbUtpRzVHWjJVcnF1TE1RWllzR2g?oc=5,"Fri, 16 Aug 2024 07:00:00 GMT","<a href=""https://news.google.com/rss/articles/CBMitwFBVV95cUxPazBZTE03b3FZZzgwdnRLdkdxMVFHSE1ETXkwYnNINE9adm1UOENNVkptdEJfZUVNbWFfM04xZmE1RzREQVBGYk92Q2IxMHZOd2lueHFoek5fRnJVX2VBcDQySk9xSmVQbTFleDNPZjlaSzUyUFBFOHhDSjhaVWRzeDU0QTlFVnhMUVhUX09PWjVYTU1iZk5KdlFYTkRzaEN0S3ZIMmVyNlFFVmRzcG00bnF3ZUlUMkXSAbwBQVVfeXFMTUxkeTZ0LUd2QmNZenhXdnBtM0hzbHBha3NMeGZCTVhJYkE5MC14dnlTRmFjNVIyVFh2QWFSZ1FPZDg2LV9qb2RSNXdsaVFYMkpSUlZ6X2VoS2ZVNmhaeUNhazJrVE4yZ0VqUDJzWVF4eUViZnlHTWM0V3JDSFV6ZkVqVWtzaDlaNExHS21leVJjekF4aV96OWM4cnQtVkpGXzZCeG5fd2hIbUtpRzVHWjJVcnF1TE1RWllzR2g?oc=5"" target=""_blank"">A World Beyond Concrete: 5 Construction Materials India is Using to Make Sustainable Homes</a>&nbsp;&nbsp;<font color=""#6f6f6f"">The Better India</font>"
A pathway for plastic waste in construction materials - Tul Muntaha - 2025 - Sustainable Development - Wiley Online Library,https://news.google.com/rss/articles/CBMiYEFVX3lxTE80UlctZlN1Q25EWWtjNlA5WnBueDV2cFhEMDlTdzZGbnMzU1VNMWRCREt1cU0wOEdOUVE1U1VPcmtEcHpreHAzbEtfV0MydVFyQTUyYTFselJhMmlFRWFXVQ?oc=5,"Wed, 26 Jun 2024 07:00:00 GMT","<a href=""https://news.google.com/rss/articles/CBMiYEFVX3lxTE80UlctZlN1Q25EWWtjNlA5WnBueDV2cFhEMDlTdzZGbnMzU1VNMWRCREt1cU0wOEdOUVE1U1VPcmtEcHpreHAzbEtfV0MydVFyQTUyYTFselJhMmlFRWFXVQ?oc=5"" target=""_blank"">A pathway for plastic waste in construction materials - Tul Muntaha - 2025 - Sustainable Development</a>&nbsp;&nbsp;<font color=""#6f6f6f"">Wiley Online Library</font>"
Building green: how engineered wood is transforming sustainable architecture - lombardodier.com,https://news.google.com/rss/articles/CBMijgFBVV95cUxPRGNZWjRCZ1dUWlZrYVV5THZlSTJaWElUbVNydUl5VmxOblcyMXlpRlhLeTVNSmNEWGE5djRwZGkwdHhQUVYtU1hnTkZHM2h1Z0hzR1ZITUZOUWxfQk5PT09QUmZEcHczV1BpT2plNk5oU2tTYUZuZ2xyWWxzSzRtTXlLdFZYNnZ6dW9vb0dn?oc=5,"Mon, 13 Jan 2025 08:00:00 GMT","<a href=""https://news.google.com/rss/articles/CBMijgFBVV95cUxPRGNZWjRCZ1dUWlZrYVV5THZlSTJaWElUbVNydUl5VmxOblcyMXlpRlhLeTVNSmNEWGE5djRwZGkwdHhQUVYtU1hnTkZHM2h1Z0hzR1ZITUZOUWxfQk5PT09QUmZEcHczV1BpT2plNk5oU2tTYUZuZ2xyWWxzSzRtTXlLdFZYNnZ6dW9vb0dn?oc=5"" target=""_blank"">Building green: how engineered wood is transforming sustainable architecture</a>&nbsp;&nbsp;<font color=""#6f6f6f"">lombardodier.com</font>"
Clean production of geopolymers as an opportunity for sustainable development of the construction industry - ScienceDirect.com,https://news.google.com/rss/articles/CBMidkFVX3lxTE1fck8wR2loTm9vVTg1RE4wVG9WalZ3ODE3NmVLMWEyOWVBUjFfVjktaHQ0Y1ltMEpYZUxEQjhneEpZNk4yOHNfZWFRS0N2Q0tVT2FwbnRVY3VyclJDdXhaZS1URlBvLXZOTTdPNnJET0ljRC1vZkE?oc=5,"Mon, 10 Jun 2024 07:00:00 GMT","<a href=""https://news.google.com/rss/articles/CBMidkFVX3lxTE1fck8wR2loTm9vVTg1RE4wVG9WalZ3ODE3NmVLMWEyOWVBUjFfVjktaHQ0Y1ltMEpYZUxEQjhneEpZNk4yOHNfZWFRS0N2Q0tVT2FwbnRVY3VyclJDdXhaZS1URlBvLXZOTTdPNnJET0ljRC1vZkE?oc=5"" target=""_blank"">Clean production of geopolymers as an opportunity for sustainable development of the construction industry</a>&nbsp;&nbsp;<font color=""#6f6f6f"">ScienceDirect.com</font>"
